Workbook

Sheet Readme (or don't, whatever)

Sheet Team Data
A1: Pokemon | B1: Type1 | C1: Type2 | D1: Level | E1: HP | F1: ATK | G1: DEF | H1: SPA | I1: SPD | J1: SPE | K1: Move1 | L1: Move1Type | M1: Move1Power | N1: Move1Category | O1: Move1Accuracy | P1: Move2 | Q1: Move2Type | R1: Move2Power | S1: Move2Category | T1: Move2Accuracy | U1: Move3 | V1: Move3Type | W1: Move3Power | X1: Move3Category | Y1: Move3Accuracy | Z1: Move4 | AA1: Move4Type | AB1: Move4Power | AC1: Move4Category | AD1: Move4Accuracy | AE1: Ability | AF1: Held Item | AG1: EffectiveDEF | AH1: EffectiveSPD
A2: Chandelure | B2: Ghost | C2: Fire | D2: 58 | E2: 159 | F2: 93 | G2: 124 | H2: 213 | I2: 108 | J2: 119 | K2: Shadow Ball | L2: =IFERROR(_xlfn.XLOOKUP(TeamData[[#This Row],[Move1]],MoveData[Move],MoveData[Type]),"") -> Ghost | M2: =IFERROR(_xlfn.XLOOKUP(TeamData[[#This Row],[Move1]],MoveData[Move],MoveData[Power]),"") -> 80 | N2: =IFERROR(_xlfn.XLOOKUP(TeamData[[#This Row],[Move1]],MoveData[Move],MoveData[Category]),"") -> Special | O2: =IFERROR(_xlfn.XLOOKUP(TeamData[[#This Row],[Move1]],MoveData[Move],MoveData[Accuracy]),"") -> 100 | P2: Hex | Q2: =IFERROR(_xlfn.XLOOKUP(TeamData[[#This Row],[Move2]],MoveData[Move],MoveData[Type]),"") -> Ghost | R2: =IFERROR(_xlfn.XLOOKUP(TeamData[[#This Row],[Move2]],MoveData[Move],MoveData[Power]),"") -> 65 | S2: =IFERROR(_xlfn.XLOOKUP(TeamData[[#This Row],[Move2]],MoveData[Move],MoveData[Category]),"") -> Special | T2: =IFERROR(_xlfn.XLOOKUP(TeamData[[#This Row],[Move2]],MoveData[Move],MoveData[Accuracy]),"") -> 100 | U2: Will-O-Wisp | V2: =IFERROR(_xlfn.XLOOKUP(TeamData[[#This Row],[Move3]],MoveData[Move],MoveData[Type]),"") -> Fire | W2: =IFERROR(_xlfn.XLOOKUP(TeamData[[#This Row],[Move3]],MoveData[Move],MoveData[Power]),"") -> 0 | X2: =IFERROR(_xlfn.XLOOKUP(TeamData[[#This Row],[Move3]],MoveData[Move],MoveData[Category]),"") -> Status | Y2: =IFERROR(_xlfn.XLOOKUP(TeamData[[#This Row],[Move3]],MoveData[Move],MoveData[Accuracy]),"") -> 85 | Z2: Heat Wave | AA2: =IFERROR(_xlfn.XLOOKUP(TeamData[[#This Row],[Move4]],MoveData[Move],MoveData[Type]),"") -> Fire | AB2: =IFERROR(_xlfn.XLOOKUP(TeamData[[#This Row],[Move4]],MoveData[Move],MoveData[Power]),"") -> 95 | AC2: =IFERROR(_xlfn.XLOOKUP(TeamData[[#This Row],[Move4]],MoveData[Move],MoveData[Category]),"") -> Special | AD2: =IFERROR(_xlfn.XLOOKUP(TeamData[[#This Row],[Move4]],MoveData[Move],MoveData[Accuracy]),"") -> 90 | AE2: Flash Fire | AF2: Charcoal | AG2: =_xlfn.LET( _xlpm.item, TeamData[[#This Row],[Held Item]], _xlpm.effectType, _xlfn.XLOOKUP(_xlpm.item, Items[Item], Items[EffectType], "None"), _xlpm.statAffected, _xlfn.XLOOKUP(_xlpm.item, Items[Item], Items[StatAffected], "None"), _xlpm.multiplier, _xlfn.XLOOKUP(_xlpm.item, Items[Item], Items[Multiplier], 1), _xlpm.finalMult, IF(AND(_xlpm.effectType="StatMultiplier", OR(_xlpm.statAffected="DEF/SPD", _xlpm.statAffected="DEF")), _xlpm.multiplier, 1), TeamData[[#This Row],[DEF]] * _xlpm.finalMult ) -> 124 | AH2: =_xlfn.LET( _xlpm.item, TeamData[[#This Row],[Held Item]], _xlpm.effectType, _xlfn.XLOOKUP(_xlpm.item, Items[Item], Items[EffectType], "None"), _xlpm.statAffected, _xlfn.XLOOKUP(_xlpm.item, Items[Item], Items[StatAffected], "None"), _xlpm.multiplier, _xlfn.XLOOKUP(_xlpm.item, Items[Item], Items[Multiplier], 1), _xlpm.finalMult, IF(AND(_xlpm.effectType="StatMultiplier", OR(_xlpm.statAffected="DEF/SPD", _xlpm.statAffected="SPD")), _xlpm.multiplier, 1), TeamData[[#This Row],[SPD]] * _xlpm.finalMult ) -> 108
A3: Corviknight | B3: Flying | C3: Steel | D3: 57 | E3: 195 | F3: 129 | G3: 144 | H3: 71 | I3: 125 | J3: 104 | K3: Drill Peck | L3: =IFERROR(_xlfn.XLOOKUP(TeamData[[#This Row],[Move1]],MoveData[Move],MoveData[Type]),"") -> Flying | M3: =IFERROR(_xlfn.XLOOKUP(TeamData[[#This Row],[Move1]],MoveData[Move],MoveData[Power]),"") -> 80 | N3: =IFERROR(_xlfn.XLOOKUP(TeamData[[#This Row],[Move1]],MoveData[Move],MoveData[Category]),"") -> Physical | O3: =IFERROR(_xlfn.XLOOKUP(TeamData[[#This Row],[Move1]],MoveData[Move],MoveData[Accuracy]),"") -> 100 | P3: Iron Head | Q3: =IFERROR(_xlfn.XLOOKUP(TeamData[[#This Row],[Move2]],MoveData[Move],MoveData[Type]),"") -> Steel | R3: =IFERROR(_xlfn.XLOOKUP(TeamData[[#This Row],[Move2]],MoveData[Move],MoveData[Power]),"") -> 80 | S3: =IFERROR(_xlfn.XLOOKUP(TeamData[[#This Row],[Move2]],MoveData[Move],MoveData[Category]),"") -> Physical | T3: =IFERROR(_xlfn.XLOOKUP(TeamData[[#This Row],[Move2]],MoveData[Move],MoveData[Accuracy]),"") -> 100 | U3: Iron Defense | V3: =IFERROR(_xlfn.XLOOKUP(TeamData[[#This Row],[Move3]],MoveData[Move],MoveData[Type]),"") -> Steel | W3: =IFERROR(_xlfn.XLOOKUP(TeamData[[#This Row],[Move3]],MoveData[Move],MoveData[Power]),"") -> 0 | X3: =IFERROR(_xlfn.XLOOKUP(TeamData[[#This Row],[Move3]],MoveData[Move],MoveData[Category]),"") -> Status | Y3: =IFERROR(_xlfn.XLOOKUP(TeamData[[#This Row],[Move3]],MoveData[Move],MoveData[Accuracy]),"") -> 100 | Z3: Body Press | AA3: =IFERROR(_xlfn.XLOOKUP(TeamData[[#This Row],[Move4]],MoveData[Move],MoveData[Type]),"") -> Fighting | AB3: =IFERROR(_xlfn.XLOOKUP(TeamData[[#This Row],[Move4]],MoveData[Move],MoveData[Power]),"") -> 80 | AC3: =IFERROR(_xlfn.XLOOKUP(TeamData[[#This Row],[Move4]],MoveData[Move],MoveData[Category]),"") -> Physical | AD3: =IFERROR(_xlfn.XLOOKUP(TeamData[[#This Row],[Move4]],MoveData[Move],MoveData[Accuracy]),"") -> 100 | AE3: Unnerve | AF3: Metal Coat | AG3: =_xlfn.LET( _xlpm.item, TeamData[[#This Row],[Held Item]], _xlpm.effectType, _xlfn.XLOOKUP(_xlpm.item, Items[Item], Items[EffectType], "None"), _xlpm.statAffected, _xlfn.XLOOKUP(_xlpm.item, Items[Item], Items[StatAffected], "None"), _xlpm.multiplier, _xlfn.XLOOKUP(_xlpm.item, Items[Item], Items[Multiplier], 1), _xlpm.finalMult, IF(AND(_xlpm.effectType="StatMultiplier", OR(_xlpm.statAffected="DEF/SPD", _xlpm.statAffected="DEF")), _xlpm.multiplier, 1), TeamData[[#This Row],[DEF]] * _xlpm.finalMult ) -> 144 | AH3: =_xlfn.LET( _xlpm.item, TeamData[[#This Row],[Held Item]], _xlpm.effectType, _xlfn.XLOOKUP(_xlpm.item, Items[Item], Items[EffectType], "None"), _xlpm.statAffected, _xlfn.XLOOKUP(_xlpm.item, Items[Item], Items[StatAffected], "None"), _xlpm.multiplier, _xlfn.XLOOKUP(_xlpm.item, Items[Item], Items[Multiplier], 1), _xlpm.finalMult, IF(AND(_xlpm.effectType="StatMultiplier", OR(_xlpm.statAffected="DEF/SPD", _xlpm.statAffected="SPD")), _xlpm.multiplier, 1), TeamData[[#This Row],[SPD]] * _xlpm.finalMult ) -> 125
A4: Raichu | B4: Electric | D4: 57 | E4: 149 | F4: 139 | G4: 92 | H4: 130 | I4: 112 | J4: 136 | K4: Dig | L4: =IFERROR(_xlfn.XLOOKUP(TeamData[[#This Row],[Move1]],MoveData[Move],MoveData[Type]),"") -> Ground | M4: =IFERROR(_xlfn.XLOOKUP(TeamData[[#This Row],[Move1]],MoveData[Move],MoveData[Power]),"") -> 80 | N4: =IFERROR(_xlfn.XLOOKUP(TeamData[[#This Row],[Move1]],MoveData[Move],MoveData[Category]),"") -> Physical | O4: =IFERROR(_xlfn.XLOOKUP(TeamData[[#This Row],[Move1]],MoveData[Move],MoveData[Accuracy]),"") -> 100 | P4: Thunderbolt | Q4: =IFERROR(_xlfn.XLOOKUP(TeamData[[#This Row],[Move2]],MoveData[Move],MoveData[Type]),"") -> Electric | R4: =IFERROR(_xlfn.XLOOKUP(TeamData[[#This Row],[Move2]],MoveData[Move],MoveData[Power]),"") -> 90 | S4: =IFERROR(_xlfn.XLOOKUP(TeamData[[#This Row],[Move2]],MoveData[Move],MoveData[Category]),"") -> Special | T4: =IFERROR(_xlfn.XLOOKUP(TeamData[[#This Row],[Move2]],MoveData[Move],MoveData[Accuracy]),"") -> 100 | U4: Wild Charge | V4: =IFERROR(_xlfn.XLOOKUP(TeamData[[#This Row],[Move3]],MoveData[Move],MoveData[Type]),"") -> Electric | W4: =IFERROR(_xlfn.XLOOKUP(TeamData[[#This Row],[Move3]],MoveData[Move],MoveData[Power]),"") -> 90 | X4: =IFERROR(_xlfn.XLOOKUP(TeamData[[#This Row],[Move3]],MoveData[Move],MoveData[Category]),"") -> Physical | Y4: =IFERROR(_xlfn.XLOOKUP(TeamData[[#This Row],[Move3]],MoveData[Move],MoveData[Accuracy]),"") -> 100 | Z4: Surf | AA4: =IFERROR(_xlfn.XLOOKUP(TeamData[[#This Row],[Move4]],MoveData[Move],MoveData[Type]),"") -> Water | AB4: =IFERROR(_xlfn.XLOOKUP(TeamData[[#This Row],[Move4]],MoveData[Move],MoveData[Power]),"") -> 90 | AC4: =IFERROR(_xlfn.XLOOKUP(TeamData[[#This Row],[Move4]],MoveData[Move],MoveData[Category]),"") -> Special | AD4: =IFERROR(_xlfn.XLOOKUP(TeamData[[#This Row],[Move4]],MoveData[Move],MoveData[Accuracy]),"") -> 100 | AE4: Static | AF4: Expert Belt | AG4: =_xlfn.LET( _xlpm.item, TeamData[[#This Row],[Held Item]], _xlpm.effectType, _xlfn.XLOOKUP(_xlpm.item, Items[Item], Items[EffectType], "None"), _xlpm.statAffected, _xlfn.XLOOKUP(_xlpm.item, Items[Item], Items[StatAffected], "None"), _xlpm.multiplier, _xlfn.XLOOKUP(_xlpm.item, Items[Item], Items[Multiplier], 1), _xlpm.finalMult, IF(AND(_xlpm.effectType="StatMultiplier", OR(_xlpm.statAffected="DEF/SPD", _xlpm.statAffected="DEF")), _xlpm.multiplier, 1), TeamData[[#This Row],[DEF]] * _xlpm.finalMult ) -> 92 | AH4: =_xlfn.LET( _xlpm.item, TeamData[[#This Row],[Held Item]], _xlpm.effectType, _xlfn.XLOOKUP(_xlpm.item, Items[Item], Items[EffectType], "None"), _xlpm.statAffected, _xlfn.XLOOKUP(_xlpm.item, Items[Item], Items[StatAffected], "None"), _xlpm.multiplier, _xlfn.XLOOKUP(_xlpm.item, Items[Item], Items[Multiplier], 1), _xlpm.finalMult, IF(AND(_xlpm.effectType="StatMultiplier", OR(_xlpm.statAffected="DEF/SPD", _xlpm.statAffected="SPD")), _xlpm.multiplier, 1), TeamData[[#This Row],[SPD]] * _xlpm.finalMult ) -> 112
A5: Liepard | B5: Dark | D5: 57 | E5: 147 | F5: 137 | G5: 76 | H5: 141 | I5: 72 | J5: 128 | K5: Throat Chop | L5: =IFERROR(_xlfn.XLOOKUP(TeamData[[#This Row],[Move1]],MoveData[Move],MoveData[Type]),"") -> Dark | M5: =IFERROR(_xlfn.XLOOKUP(TeamData[[#This Row],[Move1]],MoveData[Move],MoveData[Power]),"") -> 80 | N5: =IFERROR(_xlfn.XLOOKUP(TeamData[[#This Row],[Move1]],MoveData[Move],MoveData[Category]),"") -> Physical | O5: =IFERROR(_xlfn.XLOOKUP(TeamData[[#This Row],[Move1]],MoveData[Move],MoveData[Accuracy]),"") -> 100 | P5: Dark Pulse | Q5: =IFERROR(_xlfn.XLOOKUP(TeamData[[#This Row],[Move2]],MoveData[Move],MoveData[Type]),"") -> Dark | R5: =IFERROR(_xlfn.XLOOKUP(TeamData[[#This Row],[Move2]],MoveData[Move],MoveData[Power]),"") -> 80 | S5: =IFERROR(_xlfn.XLOOKUP(TeamData[[#This Row],[Move2]],MoveData[Move],MoveData[Category]),"") -> Special | T5: =IFERROR(_xlfn.XLOOKUP(TeamData[[#This Row],[Move2]],MoveData[Move],MoveData[Accuracy]),"") -> 100 | U5: Assurance | V5: =IFERROR(_xlfn.XLOOKUP(TeamData[[#This Row],[Move3]],MoveData[Move],MoveData[Type]),"") -> Dark | W5: =IFERROR(_xlfn.XLOOKUP(TeamData[[#This Row],[Move3]],MoveData[Move],MoveData[Power]),"") -> 60 | X5: =IFERROR(_xlfn.XLOOKUP(TeamData[[#This Row],[Move3]],MoveData[Move],MoveData[Category]),"") -> Physical | Y5: =IFERROR(_xlfn.XLOOKUP(TeamData[[#This Row],[Move3]],MoveData[Move],MoveData[Accuracy]),"") -> 100 | Z5: Fake Out | AA5: =IFERROR(_xlfn.XLOOKUP(TeamData[[#This Row],[Move4]],MoveData[Move],MoveData[Type]),"") -> Normal | AB5: =IFERROR(_xlfn.XLOOKUP(TeamData[[#This Row],[Move4]],MoveData[Move],MoveData[Power]),"") -> 40 | AC5: =IFERROR(_xlfn.XLOOKUP(TeamData[[#This Row],[Move4]],MoveData[Move],MoveData[Category]),"") -> Physical | AD5: =IFERROR(_xlfn.XLOOKUP(TeamData[[#This Row],[Move4]],MoveData[Move],MoveData[Accuracy]),"") -> 100 | AE5: Unburden | AF5: Black Glasses | AG5: =_xlfn.LET( _xlpm.item, TeamData[[#This Row],[Held Item]], _xlpm.effectType, _xlfn.XLOOKUP(_xlpm.item, Items[Item], Items[EffectType], "None"), _xlpm.statAffected, _xlfn.XLOOKUP(_xlpm.item, Items[Item], Items[StatAffected], "None"), _xlpm.multiplier, _xlfn.XLOOKUP(_xlpm.item, Items[Item], Items[Multiplier], 1), _xlpm.finalMult, IF(AND(_xlpm.effectType="StatMultiplier", OR(_xlpm.statAffected="DEF/SPD", _xlpm.statAffected="DEF")), _xlpm.multiplier, 1), TeamData[[#This Row],[DEF]] * _xlpm.finalMult ) -> 76 | AH5: =_xlfn.LET( _xlpm.item, TeamData[[#This Row],[Held Item]], _xlpm.effectType, _xlfn.XLOOKUP(_xlpm.item, Items[Item], Items[EffectType], "None"), _xlpm.statAffected, _xlfn.XLOOKUP(_xlpm.item, Items[Item], Items[StatAffected], "None"), _xlpm.multiplier, _xlfn.XLOOKUP(_xlpm.item, Items[Item], Items[Multiplier], 1), _xlpm.finalMult, IF(AND(_xlpm.effectType="StatMultiplier", OR(_xlpm.statAffected="DEF/SPD", _xlpm.statAffected="SPD")), _xlpm.multiplier, 1), TeamData[[#This Row],[SPD]] * _xlpm.finalMult ) -> 72
A6: Roserade | B6: Grass | C6: Poison | D6: 57 | E6: 153 | F6: 121 | G6: 92 | H6: 149 | I6: 147 | J6: 132 | K6: Toxic | L6: =IFERROR(_xlfn.XLOOKUP(TeamData[[#This Row],[Move1]],MoveData[Move],MoveData[Type]),"") -> Poison | M6: =IFERROR(_xlfn.XLOOKUP(TeamData[[#This Row],[Move1]],MoveData[Move],MoveData[Power]),"") -> 0 | N6: =IFERROR(_xlfn.XLOOKUP(TeamData[[#This Row],[Move1]],MoveData[Move],MoveData[Category]),"") -> Status | O6: =IFERROR(_xlfn.XLOOKUP(TeamData[[#This Row],[Move1]],MoveData[Move],MoveData[Accuracy]),"") -> 90 | P6: Stun Spore | Q6: =IFERROR(_xlfn.XLOOKUP(TeamData[[#This Row],[Move2]],MoveData[Move],MoveData[Type]),"") -> Grass | R6: =IFERROR(_xlfn.XLOOKUP(TeamData[[#This Row],[Move2]],MoveData[Move],MoveData[Power]),"") -> 0 | S6: =IFERROR(_xlfn.XLOOKUP(TeamData[[#This Row],[Move2]],MoveData[Move],MoveData[Category]),"") -> Status | T6: =IFERROR(_xlfn.XLOOKUP(TeamData[[#This Row],[Move2]],MoveData[Move],MoveData[Accuracy]),"") -> 75 | U6: Giga Drain | V6: =IFERROR(_xlfn.XLOOKUP(TeamData[[#This Row],[Move3]],MoveData[Move],MoveData[Type]),"") -> Grass | W6: =IFERROR(_xlfn.XLOOKUP(TeamData[[#This Row],[Move3]],MoveData[Move],MoveData[Power]),"") -> 75 | X6: =IFERROR(_xlfn.XLOOKUP(TeamData[[#This Row],[Move3]],MoveData[Move],MoveData[Category]),"") -> Special | Y6: =IFERROR(_xlfn.XLOOKUP(TeamData[[#This Row],[Move3]],MoveData[Move],MoveData[Accuracy]),"") -> 100 | Z6: Energy Ball | AA6: =IFERROR(_xlfn.XLOOKUP(TeamData[[#This Row],[Move4]],MoveData[Move],MoveData[Type]),"") -> Grass | AB6: =IFERROR(_xlfn.XLOOKUP(TeamData[[#This Row],[Move4]],MoveData[Move],MoveData[Power]),"") -> 90 | AC6: =IFERROR(_xlfn.XLOOKUP(TeamData[[#This Row],[Move4]],MoveData[Move],MoveData[Category]),"") -> Special | AD6: =IFERROR(_xlfn.XLOOKUP(TeamData[[#This Row],[Move4]],MoveData[Move],MoveData[Accuracy]),"") -> 100 | AE6: Poison Point | AF6: Black Sludge | AG6: =_xlfn.LET( _xlpm.item, TeamData[[#This Row],[Held Item]], _xlpm.effectType, _xlfn.XLOOKUP(_xlpm.item, Items[Item], Items[EffectType], "None"), _xlpm.statAffected, _xlfn.XLOOKUP(_xlpm.item, Items[Item], Items[StatAffected], "None"), _xlpm.multiplier, _xlfn.XLOOKUP(_xlpm.item, Items[Item], Items[Multiplier], 1), _xlpm.finalMult, IF(AND(_xlpm.effectType="StatMultiplier", OR(_xlpm.statAffected="DEF/SPD", _xlpm.statAffected="DEF")), _xlpm.multiplier, 1), TeamData[[#This Row],[DEF]] * _xlpm.finalMult ) -> 92 | AH6: =_xlfn.LET( _xlpm.item, TeamData[[#This Row],[Held Item]], _xlpm.effectType, _xlfn.XLOOKUP(_xlpm.item, Items[Item], Items[EffectType], "None"), _xlpm.statAffected, _xlfn.XLOOKUP(_xlpm.item, Items[Item], Items[StatAffected], "None"), _xlpm.multiplier, _xlfn.XLOOKUP(_xlpm.item, Items[Item], Items[Multiplier], 1), _xlpm.finalMult, IF(AND(_xlpm.effectType="StatMultiplier", OR(_xlpm.statAffected="DEF/SPD", _xlpm.statAffected="SPD")), _xlpm.multiplier, 1), TeamData[[#This Row],[SPD]] * _xlpm.finalMult ) -> 147
A7: Sylveon | B7: Fairy | D7: 57 | E7: 198 | F7: 116 | G7: 102 | H7: 135 | I7: 173 | J7: 106 | K7: Play Rough | L7: =IFERROR(_xlfn.XLOOKUP(TeamData[[#This Row],[Move1]],MoveData[Move],MoveData[Type]),"") -> Fairy | M7: =IFERROR(_xlfn.XLOOKUP(TeamData[[#This Row],[Move1]],MoveData[Move],MoveData[Power]),"") -> 90 | N7: =IFERROR(_xlfn.XLOOKUP(TeamData[[#This Row],[Move1]],MoveData[Move],MoveData[Category]),"") -> Physical | O7: =IFERROR(_xlfn.XLOOKUP(TeamData[[#This Row],[Move1]],MoveData[Move],MoveData[Accuracy]),"") -> 90 | P7: Moonblast | Q7: =IFERROR(_xlfn.XLOOKUP(TeamData[[#This Row],[Move2]],MoveData[Move],MoveData[Type]),"") -> Fairy | R7: =IFERROR(_xlfn.XLOOKUP(TeamData[[#This Row],[Move2]],MoveData[Move],MoveData[Power]),"") -> 95 | S7: =IFERROR(_xlfn.XLOOKUP(TeamData[[#This Row],[Move2]],MoveData[Move],MoveData[Category]),"") -> Special | T7: =IFERROR(_xlfn.XLOOKUP(TeamData[[#This Row],[Move2]],MoveData[Move],MoveData[Accuracy]),"") -> 100 | U7: Draining Kiss | V7: =IFERROR(_xlfn.XLOOKUP(TeamData[[#This Row],[Move3]],MoveData[Move],MoveData[Type]),"") -> Fairy | W7: =IFERROR(_xlfn.XLOOKUP(TeamData[[#This Row],[Move3]],MoveData[Move],MoveData[Power]),"") -> 50 | X7: =IFERROR(_xlfn.XLOOKUP(TeamData[[#This Row],[Move3]],MoveData[Move],MoveData[Category]),"") -> Special | Y7: =IFERROR(_xlfn.XLOOKUP(TeamData[[#This Row],[Move3]],MoveData[Move],MoveData[Accuracy]),"") -> 100 | Z7: Psyshock | AA7: =IFERROR(_xlfn.XLOOKUP(TeamData[[#This Row],[Move4]],MoveData[Move],MoveData[Type]),"") -> Psychic | AB7: =IFERROR(_xlfn.XLOOKUP(TeamData[[#This Row],[Move4]],MoveData[Move],MoveData[Power]),"") -> 80 | AC7: =IFERROR(_xlfn.XLOOKUP(TeamData[[#This Row],[Move4]],MoveData[Move],MoveData[Category]),"") -> Special | AD7: =IFERROR(_xlfn.XLOOKUP(TeamData[[#This Row],[Move4]],MoveData[Move],MoveData[Accuracy]),"") -> 100 | AE7: Cute Charm | AF7: Pixie Plate | AG7: =_xlfn.LET( _xlpm.item, TeamData[[#This Row],[Held Item]], _xlpm.effectType, _xlfn.XLOOKUP(_xlpm.item, Items[Item], Items[EffectType], "None"), _xlpm.statAffected, _xlfn.XLOOKUP(_xlpm.item, Items[Item], Items[StatAffected], "None"), _xlpm.multiplier, _xlfn.XLOOKUP(_xlpm.item, Items[Item], Items[Multiplier], 1), _xlpm.finalMult, IF(AND(_xlpm.effectType="StatMultiplier", OR(_xlpm.statAffected="DEF/SPD", _xlpm.statAffected="DEF")), _xlpm.multiplier, 1), TeamData[[#This Row],[DEF]] * _xlpm.finalMult ) -> 102 | AH7: =_xlfn.LET( _xlpm.item, TeamData[[#This Row],[Held Item]], _xlpm.effectType, _xlfn.XLOOKUP(_xlpm.item, Items[Item], Items[EffectType], "None"), _xlpm.statAffected, _xlfn.XLOOKUP(_xlpm.item, Items[Item], Items[StatAffected], "None"), _xlpm.multiplier, _xlfn.XLOOKUP(_xlpm.item, Items[Item], Items[Multiplier], 1), _xlpm.finalMult, IF(AND(_xlpm.effectType="StatMultiplier", OR(_xlpm.statAffected="DEF/SPD", _xlpm.statAffected="SPD")), _xlpm.multiplier, 1), TeamData[[#This Row],[SPD]] * _xlpm.finalMult ) -> 173

Sheet Ability Rules
A1: Ability | B1: Effect | C1: TargetType | D1: Modifier | E1: Notes
A2: Levitate | B2: Immunity | C2: Ground | D2: 0 | E2: Immune to Ground moves
A3: Flash Fire | B3: Immunity | C3: Fire | D3: 0 | E3: Immune to Fire moves
A4: Water Absorb | B4: Immunity | C4: Water | D4: 0 | E4: Immune to Water moves
A5: Volt Absorb | B5: Immunity | C5: Electric | D5: 0 | E5: Immune to Electric moves
A6: Lightning Rod | B6: Immunity | C6: Electric | D6: 0 | E6: Immune to Electric moves
A7: Motor Drive | B7: Immunity | C7: Electric | D7: 0 | E7: Immune to Electric moves
A8: Storm Drain | B8: Immunity | C8: Water | D8: 0 | E8: Immune to Water moves
A9: Sap Sipper | B9: Immunity | C9: Grass | D9: 0 | E9: Immune to Grass moves
A10: Dry Skin | B10: Immunity | C10: Water | D10: 0 | E10: Immune to Water moves
A11: Thick Fat | B11: Reduction | C11: Fire | D11: 0.5 | E11: Fire damage x0.5
A12: Thick Fat | B12: Reduction | C12: Ice | D12: 0.5 | E12: Ice damage x0.5
A13: Heatproof | B13: Reduction | C13: Fire | D13: 0.5 | E13: Fire damage x0.5
... A31: Sturdy | B31: Tactical | C31: OHKO | D31: 0 | E31: May survive an otherwise lethal hit at full HP.

Sheet Movelist
A1: Move | B1: Power | C1: Type | D1: Category | E1: Accuracy | F1: Hits | G1: MakesContact | H1: Priority | I1: DamageMethod | J1: MechanicsNotes | K1: ActivationCondition | L1: StatusEffect | M1: ActivationPowerMultiplier | N1: AtkStageChange | O1: DefStageChange | P1: SpAStageChange | Q1: SpDStageChange | R1: SpeStageChange
A2: 10,000,000 Volt Thunderbolt | B2: 195 | C2: Electric | D2: Special | E2: 100 | F2: 1 | G2: FALSE | H2: 0 | I2: Standard | K2: Always | M2: 1 | N2: 0 | O2: 0 | P2: 0 | Q2: 0 | R2: 0
A3: Absorb | B3: 20 | C3: Grass | D3: Special | E3: 100 | F3: 1 | G3: FALSE | H3: 0 | I3: Standard | K3: Always | M3: 1 | N3: 0 | O3: 0 | P3: 0 | Q3: 0 | R3: 0
A4: Accelerock | B4: 40 | C4: Rock | D4: Physical | E4: 100 | F4: 1 | G4: TRUE | H4: 1 | I4: Standard | K4: Always | M4: 1 | N4: 0 | O4: 0 | P4: 0 | Q4: 0 | R4: 0
A5: Acid | B5: 40 | C5: Poison | D5: Special | E5: 100 | F5: 1 | G5: FALSE | H5: 0 | I5: Standard | K5: Always | M5: 1 | N5: 0 | O5: 0 | P5: 0 | Q5: 0 | R5: 0
A6: Acid Spray | B6: 40 | C6: Poison | D6: Special | E6: 100 | F6: 1 | G6: FALSE | H6: 0 | I6: Standard | K6: Always | M6: 1 | N6: 0 | O6: 0 | P6: 0 | Q6: 0 | R6: 0
A7: Acrobatics | B7: 55 | C7: Flying | D7: Physical | E7: 100 | F7: 1 | G7: TRUE | H7: 0 | I7: Variable | J7: Variable damage. | K7: Always | M7: 1 | N7: 0 | O7: 0 | P7: 0 | Q7: 0 | R7: 0
A8: Aerial Ace | B8: 60 | C8: Flying | D8: Physical | E8: 100 | F8: 1 | G8: TRUE | H8: 0 | I8: Standard | K8: Always | M8: 1 | N8: 0 | O8: 0 | P8: 0 | Q8: 0 | R8: 0
A9: Aeroblast | B9: 100 | C9: Flying | D9: Special | E9: 95 | F9: 1 | G9: FALSE | H9: 0 | I9: Standard | K9: Always | M9: 1 | N9: 0 | O9: 0 | P9: 0 | Q9: 0 | R9: 0
A10: Air Cutter | B10: 60 | C10: Flying | D10: Special | E10: 95 | F10: 1 | G10: FALSE | H10: 0 | I10: Standard | K10: Always | M10: 1 | N10: 0 | O10: 0 | P10: 0 | Q10: 0 | R10: 0
A11: Air Slash | B11: 75 | C11: Flying | D11: Special | E11: 95 | F11: 1 | G11: FALSE | H11: 0 | I11: Standard | K11: Always | M11: 1 | N11: 0 | O11: 0 | P11: 0 | Q11: 0 | R11: 0
A12: Anchor Shot | B12: 80 | C12: Steel | D12: Physical | E12: 100 | F12: 1 | G12: TRUE | H12: 0 | I12: Standard | K12: Always | M12: 1 | N12: 0 | O12: 0 | P12: 0 | Q12: 0 | R12: 0
A13: Ancient Power | B13: 60 | C13: Rock | D13: Special | E13: 100 | F13: 1 | G13: FALSE | H13: 0 | I13: Standard | K13: Always | M13: 1 | N13: 0 | O13: 0 | P13: 0 | Q13: 0 | R13: 0
A14: Apple Acid | B14: 80 | C14: Grass | D14: Special | E14: 100 | F14: 1 | G14: FALSE | H14: 0 | I14: Standard | K14: Always | M14: 1 | N14: 0 | O14: 0 | P14: 0 | Q14: 0 | R14: 0
A15: Aqua Jet | B15: 40 | C15: Water | D15: Physical | E15: 100 | F15: 1 | G15: TRUE | H15: 1 | I15: Standard | K15: Always | M15: 1 | N15: 0 | O15: 0 | P15: 0 | Q15: 0 | R15: 0
A16: Aqua Tail | B16: 90 | C16: Water | D16: Physical | E16: 90 | F16: 1 | G16: TRUE | H16: 0 | I16: Standard | K16: Always | M16: 1 | N16: 0 | O16: 0 | P16: 0 | Q16: 0 | R16: 0
A17: Arm Thrust | B17: 15 | C17: Fighting | D17: Physical | E17: 100 | F17: 1 | G17: TRUE | H17: 0 | I17: Standard | K17: Always | M17: 1 | N17: 0 | O17: 0 | P17: 0 | Q17: 0 | R17: 0
A18: Assurance | B18: 60 | C18: Dark | D18: Physical | E18: 100 | F18: 1 | G18: TRUE | H18: 0 | I18: Variable | J18: Variable damage. | K18: RequiresUserHit | M18: 1 | N18: 0 | O18: 0 | P18: 0 | Q18: 0 | R18: 0
A19: Astonish | B19: 30 | C19: Ghost | D19: Physical | E19: 100 | F19: 1 | G19: TRUE | H19: 0 | I19: Standard | K19: Always | M19: 1 | N19: 0 | O19: 0 | P19: 0 | Q19: 0 | R19: 0
A20: Astral Barrage | B20: 120 | C20: Ghost | D20: Special | E20: 100 | F20: 1 | G20: FALSE | H20: 0 | I20: Standard | K20: Always | M20: 1 | N20: 0 | O20: 0 | P20: 0 | Q20: 0 | R20: 0
A21: Attack Order | B21: 90 | C21: Bug | D21: Physical | E21: 100 | F21: 1 | G21: FALSE | H21: 0 | I21: Standard | K21: Always | M21: 1 | N21: 0 | O21: 0 | P21: 0 | Q21: 0 | R21: 0
A22: Aura Sphere | B22: 80 | C22: Fighting | D22: Special | E22: 100 | F22: 1 | G22: FALSE | H22: 0 | I22: Standard | K22: Always | M22: 1 | N22: 0 | O22: 0 | P22: 0 | Q22: 0 | R22: 0
A23: Aura Wheel | B23: 110 | C23: Electric | D23: Physical | E23: 100 | F23: 1 | G23: FALSE | H23: 0 | I23: Standard | K23: Always | M23: 1 | N23: 0 | O23: 0 | P23: 0 | Q23: 0 | R23: 0
A24: Aurora Beam | B24: 65 | C24: Ice | D24: Special | E24: 100 | F24: 1 | G24: FALSE | H24: 0 | I24: Standard | K24: Always | M24: 1 | N24: 0 | O24: 0 | P24: 0 | Q24: 0 | R24: 0
A25: Avalanche | B25: 60 | C25: Ice | D25: Physical | E25: 100 | F25: 1 | G25: TRUE | H25: -5 | I25: Variable | J25: Variable damage. | K25: RequiresUserHit | M25: 1 | N25: 0 | O25: 0 | P25: 0 | Q25: 0 | R25: 0
A26: Baddy Bad | B26: 80 | C26: Dark | D26: Special | E26: 95 | F26: 1 | G26: FALSE | H26: 0 | I26: Standard | K26: Always | M26: 1 | N26: 0 | O26: 0 | P26: 0 | Q26: 0 | R26: 0
A27: Barb Barrage | B27: 60 | C27: Poison | D27: Physical | E27: 100 | F27: 1 | G27: FALSE | H27: 0 | I27: Standard | K27: Always | M27: 1 | N27: 0 | O27: 0 | P27: 0 | Q27: 0 | R27: 0
A28: Barrage | B28: 15 | C28: Normal | D28: Physical | E28: 85 | F28: 1 | G28: FALSE | H28: 0 | I28: Standard | K28: Always | M28: 1 | N28: 0 | O28: 0 | P28: 0 | Q28: 0 | R28: 0
A29: Beak Blast | B29: 100 | C29: Flying | D29: Physical | E29: 100 | F29: 1 | G29: FALSE | H29: -2 | I29: Standard | K29: Always | M29: 1 | N29: 0 | O29: 0 | P29: 0 | Q29: 0 | R29: 0
A30: Beat Up | B30: 0 | C30: Dark | D30: Physical | E30: 100 | F30: 1 | G30: FALSE | H30: 0 | I30: Variable | J30: Variable damage. | K30: Always | M30: 1 | N30: 0 | O30: 0 | P30: 0 | Q30: 0 | R30: 0
A31: Behemoth Bash | B31: 100 | C31: Steel | D31: Physical | E31: 100 | F31: 1 | G31: FALSE | H31: 0 | I31: Standard | K31: Always | M31: 1 | N31: 0 | O31: 0 | P31: 0 | Q31: 0 | R31: 0
A32: Behemoth Blade | B32: 100 | C32: Steel | D32: Physical | E32: 100 | F32: 1 | G32: FALSE | H32: 0 | I32: Standard | K32: Always | M32: 1 | N32: 0 | O32: 0 | P32: 0 | Q32: 0 | R32: 0
A33: Belch | B33: 120 | C33: Poison | D33: Special | E33: 90 | F33: 1 | G33: FALSE | H33: 0 | I33: Standard | K33: Always | M33: 1 | N33: 0 | O33: 0 | P33: 0 | Q33: 0 | R33: 0
A34: Bide | B34: 0 | C34: Normal | D34: Physical | E34: 100 | F34: 1 | G34: TRUE | H34: 1 | I34: Fixed | J34: Fixed damage. | K34: RequiresUserHit | M34: 1 | N34: 0 | O34: 0 | P34: 0 | Q34: 0 | R34: 0
A35: Bind | B35: 15 | C35: Normal | D35: Physical | E35: 85 | F35: 1 | G35: TRUE | H35: 0 | I35: Standard | K35: Always | M35: 1 | N35: 0 | O35: 0 | P35: 0 | Q35: 0 | R35: 0
A36: Bite | B36: 60 | C36: Dark | D36: Physical | E36: 100 | F36: 1 | G36: TRUE | H36: 0 | I36: Standard | K36: Always | M36: 1 | N36: 0 | O36: 0 | P36: 0 | Q36: 0 | R36: 0
A37: Bitter Malice | B37: 75 | C37: Ghost | D37: Special | E37: 100 | F37: 1 | G37: FALSE | H37: 0 | I37: Standard | K37: Always | M37: 1 | N37: 0 | O37: 0 | P37: 0 | Q37: 0 | R37: 0
A38: Blast Burn | B38: 150 | C38: Fire | D38: Special | E38: 90 | F38: 1 | G38: FALSE | H38: 0 | I38: Standard | K38: Always | M38: 1 | N38: 0 | O38: 0 | P38: 0 | Q38: 0 | R38: 0
A39: Blaze Kick | B39: 85 | C39: Fire | D39: Physical | E39: 90 | F39: 1 | G39: TRUE | H39: 0 | I39: Standard | K39: Always | M39: 1 | N39: 0 | O39: 0 | P39: 0 | Q39: 0 | R39: 0
A40: Bleakwind Storm | B40: 100 | C40: Flying | D40: Special | E40: 80 | F40: 1 | G40: FALSE | H40: 0 | I40: Standard | K40: Always | M40: 1 | N40: 0 | O40: 0 | P40: 0 | Q40: 0 | R40: 0
A41: Blizzard | B41: 110 | C41: Ice | D41: Special | E41: 70 | F41: 1 | G41: FALSE | H41: 0 | I41: Standard | K41: Always | M41: 1 | N41: 0 | O41: 0 | P41: 0 | Q41: 0 | R41: 0
A42: Blue Flare | B42: 130 | C42: Fire | D42: Special | E42: 85 | F42: 1 | G42: FALSE | H42: 0 | I42: Standard | K42: Always | M42: 1 | N42: 0 | O42: 0 | P42: 0 | Q42: 0 | R42: 0
A43: Body Press | B43: 80 | C43: Fighting | D43: Physical | E43: 100 | F43: 1 | G43: TRUE | H43: 0 | I43: UseDEF | K43: Always | M43: 1 | N43: 0 | O43: 0 | P43: 0 | Q43: 0 | R43: 0
A44: Body Slam | B44: 85 | C44: Normal | D44: Physical | E44: 100 | F44: 1 | G44: TRUE | H44: 0 | I44: Standard | K44: Always | M44: 1 | N44: 0 | O44: 0 | P44: 0 | Q44: 0 | R44: 0
A45: Bolt Beak | B45: 85 | C45: Electric | D45: Physical | E45: 100 | F45: 1 | G45: TRUE | H45: 0 | I45: Standard | K45: Always | M45: 1 | N45: 0 | O45: 0 | P45: 0 | Q45: 0 | R45: 0
A46: Bolt Strike | B46: 130 | C46: Electric | D46: Physical | E46: 85 | F46: 1 | G46: TRUE | H46: 0 | I46: Standard | K46: Always | M46: 1 | N46: 0 | O46: 0 | P46: 0 | Q46: 0 | R46: 0
... A56: Brick Break | B56: 75 | C56: Fighting | D56: Physical | E56: 100 | F56: 1 | G56: TRUE | H56: 0 | I56: Standard | K56: Always | M56: 1 | N56: 0 | O56: 0 | P56: 0 | Q56: 0 | R56: 0
A57: Brine | B57: 65 | C57: Water | D57: Special | E57: 100 | F57: 1 | G57: FALSE | H57: 0 | I57: Variable | J57: Variable damage. | K57: Always | M57: 1 | N57: 0 | O57: 0 | P57: 0 | Q57: 0 | R57: 0
A58: Brutal Swing | B58: 60 | C58: Dark | D58: Physical | E58: 100 | F58: 1 | G58: TRUE | H58: 0 | I58: Standard | K58: Always | M58: 1 | N58: 0 | O58: 0 | P58: 0 | Q58: 0 | R58: 0
A59: Bubble | B59: 40 | C59: Water | D59: Special | E59: 100 | F59: 1 | G59: FALSE | H59: 0 | I59: Standard | K59: Always | M59: 1 | N59: 0 | O59: 0 | P59: 0 | Q59: 0 | R59: 0
A60: Bubble Beam | B60: 65 | C60: Water | D60: Special | E60: 100 | F60: 1 | G60: FALSE | H60: 0 | I60: Standard | K60: Always | M60: 1 | N60: 0 | O60: 0 | P60: 0 | Q60: 0 | R60: 0
A61: Bug Bite | B61: 60 | C61: Bug | D61: Physical | E61: 100 | F61: 1 | G61: TRUE | H61: 0 | I61: Standard | K61: Always | M61: 1 | N61: 0 | O61: 0 | P61: 0 | Q61: 0 | R61: 0
A62: Bug Buzz | B62: 90 | C62: Bug | D62: Special | E62: 100 | F62: 1 | G62: FALSE | H62: 0 | I62: Standard | K62: Always | M62: 1 | N62: 0 | O62: 0 | P62: 0 | Q62: 0 | R62: 0
A63: Bulldoze | B63: 60 | C63: Ground | D63: Physical | E63: 100 | F63: 1 | G63: FALSE | H63: 0 | I63: Standard | K63: Always | M63: 1 | N63: 0 | O63: 0 | P63: 0 | Q63: 0 | R63: 0
A64: Bullet Punch | B64: 40 | C64: Steel | D64: Physical | E64: 100 | F64: 1 | G64: TRUE | H64: 1 | I64: Standard | K64: Always | M64: 1 | N64: 0 | O64: 0 | P64: 0 | Q64: 0 | R64: 0
A65: Bullet Seed | B65: 25 | C65: Grass | D65: Physical | E65: 100 | F65: 3 | G65: FALSE | H65: 0 | I65: Standard | K65: Always | M65: 1 | N65: 0 | O65: 0 | P65: 0 | Q65: 0 | R65: 0
A66: Burn Up | B66: 130 | C66: Fire | D66: Special | E66: 100 | F66: 1 | G66: FALSE | H66: 0 | I66: Standard | K66: Always | M66: 1 | N66: 0 | O66: 0 | P66: 0 | Q66: 0 | R66: 0
A67: Burning Jealousy | B67: 70 | C67: Fire | D67: Special | E67: 100 | F67: 1 | G67: FALSE | H67: 0 | I67: Variable | J67: Variable damage. | K67: Always | M67: 1 | N67: 0 | O67: 0 | P67: 0 | Q67: 0 | R67: 0
A68: Buzzy Buzz | B68: 60 | C68: Electric | D68: Special | E68: 100 | F68: 1 | G68: FALSE | H68: 0 | I68: Standard | K68: Always | M68: 1 | N68: 0 | O68: 0 | P68: 0 | Q68: 0 | R68: 0
A69: Catastropika | B69: 210 | C69: Electric | D69: Physical | E69: 100 | F69: 1 | G69: TRUE | H69: 0 | I69: Standard | K69: Always | M69: 1 | N69: 0 | O69: 0 | P69: 0 | Q69: 0 | R69: 0
A70: Ceaseless Edge | B70: 65 | C70: Dark | D70: Physical | E70: 90 | F70: 1 | G70: TRUE | H70: 0 | I70: Standard | K70: Always | M70: 1 | N70: 0 | O70: 0 | P70: 0 | Q70: 0 | R70: 0
A71: Charge Beam | B71: 50 | C71: Electric | D71: Special | E71: 90 | F71: 1 | G71: FALSE | H71: 0 | I71: Standard | K71: Always | M71: 1 | N71: 0 | O71: 0 | P71: 0 | Q71: 0 | R71: 0
A72: Chatter | B72: 65 | C72: Flying | D72: Special | E72: 100 | F72: 1 | G72: FALSE | H72: 0 | I72: Standard | K72: Always | M72: 1 | N72: 0 | O72: 0 | P72: 0 | Q72: 0 | R72: 0
A73: Chip Away | B73: 70 | C73: Normal | D73: Physical | E73: 100 | F73: 1 | G73: TRUE | H73: 0 | I73: Standard | K73: Always | M73: 1 | N73: 0 | O73: 0 | P73: 0 | Q73: 0 | R73: 0
A74: Chloroblast | B74: 150 | C74: Grass | D74: Special | E74: 95 | F74: 1 | G74: FALSE | H74: 0 | I74: Standard | K74: Always | M74: 1 | N74: 0 | O74: 0 | P74: 0 | Q74: 0 | R74: 0
A75: Circle Throw | B75: 60 | C75: Fighting | D75: Physical | E75: 90 | F75: 1 | G75: TRUE | H75: -7 | I75: Standard | K75: Always | M75: 1 | N75: 0 | O75: 0 | P75: 0 | Q75: 0 | R75: 0
A76: Clamp | B76: 35 | C76: Water | D76: Physical | E76: 85 | F76: 1 | G76: TRUE | H76: 0 | I76: Standard | K76: Always | M76: 1 | N76: 0 | O76: 0 | P76: 0 | Q76: 0 | R76: 0
A77: Clanging Scales | B77: 110 | C77: Dragon | D77: Special | E77: 100 | F77: 1 | G77: FALSE | H77: 0 | I77: Standard | K77: Always | M77: 1 | N77: 0 | O77: 0 | P77: 0 | Q77: 0 | R77: 0
A78: Clangorous Soulblaze | B78: 185 | C78: Dragon | D78: Special | E78: 100 | F78: 1 | G78: FALSE | H78: 0 | I78: Standard | K78: Always | M78: 1 | N78: 0 | O78: 0 | P78: 0 | Q78: 0 | R78: 0
A79: Clear Smog | B79: 50 | C79: Poison | D79: Special | E79: 100 | F79: 1 | G79: FALSE | H79: 0 | I79: Standard | K79: Always | M79: 1 | N79: 0 | O79: 0 | P79: 0 | Q79: 0 | R79: 0
... A84: Core Enforcer | B84: 100 | C84: Dragon | D84: Special | E84: 100 | F84: 1 | G84: FALSE | H84: 0 | I84: Standard | K84: Always | M84: 1 | N84: 0 | O84: 0 | P84: 0 | Q84: 0 | R84: 0
A85: Counter | B85: 0 | C85: Fighting | D85: Physical | E85: 100 | F85: 1 | G85: TRUE | H85: -6 | I85: Fixed | J85: Fixed damage. | K85: RequiresTargetPhysicalMove | M85: 1 | N85: 0 | O85: 0 | P85: 0 | Q85: 0 | R85: 0
A86: Covet | B86: 60 | C86: Normal | D86: Physical | E86: 100 | F86: 1 | G86: TRUE | H86: 0 | I86: Standard | K86: Always | M86: 1 | N86: 0 | O86: 0 | P86: 0 | Q86: 0 | R86: 0
A87: Crabhammer | B87: 100 | C87: Water | D87: Physical | E87: 90 | F87: 1 | G87: TRUE | H87: 0 | I87: Standard | K87: Always | M87: 1 | N87: 0 | O87: 0 | P87: 0 | Q87: 0 | R87: 0
A88: Cross Chop | B88: 100 | C88: Fighting | D88: Physical | E88: 80 | F88: 1 | G88: TRUE | H88: 0 | I88: Standard | K88: Always | M88: 1 | N88: 0 | O88: 0 | P88: 0 | Q88: 0 | R88: 0
A89: Cross Poison | B89: 70 | C89: Poison | D89: Physical | E89: 100 | F89: 1 | G89: TRUE | H89: 0 | I89: Standard | K89: Always | M89: 1 | N89: 0 | O89: 0 | P89: 0 | Q89: 0 | R89: 0
A90: Crunch | B90: 80 | C90: Dark | D90: Physical | E90: 100 | F90: 1 | G90: TRUE | H90: 0 | I90: Standard | K90: Always | M90: 1 | N90: 0 | O90: 0 | P90: 0 | Q90: 0 | R90: 0
A91: Crush Claw | B91: 75 | C91: Normal | D91: Physical | E91: 95 | F91: 1 | G91: TRUE | H91: 0 | I91: Standard | K91: Always | M91: 1 | N91: 0 | O91: 0 | P91: 0 | Q91: 0 | R91: 0
A92: Crush Grip | B92: 0 | C92: Normal | D92: Physical | E92: 100 | F92: 1 | G92: TRUE | H92: 0 | I92: Variable | J92: Variable damage. | K92: Always | M92: 1 | N92: 0 | O92: 0 | P92: 0 | Q92: 0 | R92: 0
A93: Cut | B93: 50 | C93: Normal | D93: Physical | E93: 95 | F93: 1 | G93: TRUE | H93: 0 | I93: Standard | K93: Always | M93: 1 | N93: 0 | O93: 0 | P93: 0 | Q93: 0 | R93: 0
A94: Dark Pulse | B94: 80 | C94: Dark | D94: Special | E94: 100 | F94: 1 | G94: FALSE | H94: 0 | I94: Standard | K94: Always | M94: 1 | N94: 0 | O94: 0 | P94: 0 | Q94: 0 | R94: 0
A95: Darkest Lariat | B95: 85 | C95: Dark | D95: Physical | E95: 100 | F95: 1 | G95: TRUE | H95: 0 | I95: Standard | K95: Always | M95: 1 | N95: 0 | O95: 0 | P95: 0 | Q95: 0 | R95: 0
A96: Dazzling Gleam | B96: 80 | C96: Fairy | D96: Special | E96: 100 | F96: 1 | G96: FALSE | H96: 0 | I96: Standard | K96: Always | M96: 1 | N96: 0 | O96: 0 | P96: 0 | Q96: 0 | R96: 0
A97: Diamond Storm | B97: 100 | C97: Rock | D97: Physical | E97: 95 | F97: 1 | G97: FALSE | H97: 0 | I97: Standard | K97: Always | M97: 1 | N97: 0 | O97: 0 | P97: 0 | Q97: 0 | R97: 0
A98: Dig | B98: 80 | C98: Ground | D98: Physical | E98: 100 | F98: 1 | G98: TRUE | H98: 0 | I98: Standard | K98: Always | M98: 1 | N98: 0 | O98: 0 | P98: 0 | Q98: 0 | R98: 0
A99: Dire Claw | B99: 80 | C99: Poison | D99: Physical | E99: 100 | F99: 1 | G99: TRUE | H99: 0 | I99: Standard | K99: Always | M99: 1 | N99: 0 | O99: 0 | P99: 0 | Q99: 0 | R99: 0
A100: Disarming Voice | B100: 40 | C100: Fairy | D100: Special | E100: 100 | F100: 1 | G100: FALSE | H100: 0 | I100: Standard | K100: Always | M100: 1 | N100: 0 | O100: 0 | P100: 0 | Q100: 0 | R100: 0
A101: Discharge | B101: 80 | C101: Electric | D101: Special | E101: 100 | F101: 1 | G101: FALSE | H101: 0 | I101: Standard | K101: Always | M101: 1 | N101: 0 | O101: 0 | P101: 0 | Q101: 0 | R101: 0
A102: Dive | B102: 80 | C102: Water | D102: Physical | E102: 100 | F102: 1 | G102: TRUE | H102: 0 | I102: Standard | K102: Always | M102: 1 | N102: 0 | O102: 0 | P102: 0 | Q102: 0 | R102: 0
A103: Dizzy Punch | B103: 70 | C103: Normal | D103: Physical | E103: 100 | F103: 1 | G103: TRUE | H103: 0 | I103: Standard | K103: Always | M103: 1 | N103: 0 | O103: 0 | P103: 0 | Q103: 0 | R103: 0
A104: Doom Desire | B104: 140 | C104: Steel | D104: Special | E104: 100 | F104: 1 | G104: FALSE | H104: 0 | I104: Standard | K104: DelayedDamage | M104: 1 | N104: 0 | O104: 0 | P104: 0 | Q104: 0 | R104: 0
... A117: Dragon Pulse | B117: 85 | C117: Dragon | D117: Special | E117: 100 | F117: 1 | G117: FALSE | H117: 0 | I117: Standard | K117: Always | M117: 1 | N117: 0 | O117: 0 | P117: 0 | Q117: 0 | R117: 0
A118: Dragon Rage | B118: 0 | C118: Dragon | D118: Special | E118: 100 | F118: 1 | G118: FALSE | H118: 0 | I118: Fixed | J118: Fixed damage. | K118: Always | M118: 1 | N118: 0 | O118: 0 | P118: 0 | Q118: 0 | R118: 0
A119: Dragon Rush | B119: 100 | C119: Dragon | D119: Physical | E119: 75 | F119: 1 | G119: TRUE | H119: 0 | I119: Standard | K119: Always | M119: 1 | N119: 0 | O119: 0 | P119: 0 | Q119: 0 | R119: 0
A120: Dragon Tail | B120: 60 | C120: Dragon | D120: Physical | E120: 90 | F120: 1 | G120: TRUE | H120: -7 | I120: Standard | K120: Always | M120: 1 | N120: 0 | O120: 0 | P120: 0 | Q120: 0 | R120: 0
A121: Drain Punch | B121: 75 | C121: Fighting | D121: Physical | E121: 100 | F121: 1 | G121: TRUE | H121: 0 | I121: Standard | K121: Always | M121: 1 | N121: 0 | O121: 0 | P121: 0 | Q121: 0 | R121: 0
A122: Draining Kiss | B122: 50 | C122: Fairy | D122: Special | E122: 100 | F122: 1 | G122: TRUE | H122: 0 | I122: Standard | K122: Always | M122: 1 | N122: 0 | O122: 0 | P122: 0 | Q122: 0 | R122: 0
A123: Dream Eater | B123: 100 | C123: Psychic | D123: Special | E123: 100 | F123: 1 | G123: FALSE | H123: 0 | I123: Standard | K123: Always | M123: 1 | N123: 0 | O123: 0 | P123: 0 | Q123: 0 | R123: 0
A124: Drill Peck | B124: 80 | C124: Flying | D124: Physical | E124: 100 | F124: 1 | G124: TRUE | H124: 0 | I124: Standard | K124: Always | M124: 1 | N124: 0 | O124: 0 | P124: 0 | Q124: 0 | R124: 0
A125: Drill Run | B125: 80 | C125: Ground | D125: Physical | E125: 95 | F125: 1 | G125: TRUE | H125: 0 | I125: Standard | K125: Always | M125: 1 | N125: 0 | O125: 0 | P125: 0 | Q125: 0 | R125: 0
...

Sheet Type Chart
A1: AttackType ↓ / DefendingType → | B1: Normal | C1: Fire | D1: Water | E1: Electric | F1: Grass | G1: Ice | H1: Fighting | I1: Poison | J1: Ground | K1: Flying | L1: Psychic | M1: Bug | N1: Rock | O1: Ghost | P1: Dragon | Q1: Dark | R1: Steel | S1: Fairy
A2: Normal | B2: 1 | C2: 1 | D2: 1 | E2: 1 | F2: 1 | G2: 1 | H2: 1 | I2: 1 | J2: 1 | K2: 1 | L2: 1 | M2: 1 | N2: 0.5 | O2: 0 | P2: 1 | Q2: 1 | R2: 0.5 | S2: 1
A3: Fire | B3: 1 | C3: 0.5 | D3: 0.5 | E3: 1 | F3: 2 | G3: 2 | H3: 1 | I3: 1 | J3: 1 | K3: 1 | L3: 1 | M3: 2 | N3: 0.5 | O3: 1 | P3: 0.5 | Q3: 1 | R3: 2 | S3: 1
A4: Water | B4: 1 | C4: 2 | D4: 0.5 | E4: 1 | F4: 0.5 | G4: 1 | H4: 1 | I4: 1 | J4: 2 | K4: 1 | L4: 1 | M4: 1 | N4: 2 | O4: 1 | P4: 0.5 | Q4: 1 | R4: 1 | S4: 1
A5: Electric | B5: 1 | C5: 1 | D5: 2 | E5: 0.5 | F5: 0.5 | G5: 1 | H5: 1 | I5: 1 | J5: 0 | K5: 2 | L5: 1 | M5: 1 | N5: 1 | O5: 1 | P5: 0.5 | Q5: 1 | R5: 1 | S5: 1
A6: Grass | B6: 1 | C6: 0.5 | D6: 2 | E6: 1 | F6: 0.5 | G6: 1 | H6: 1 | I6: 0.5 | J6: 2 | K6: 0.5 | L6: 1 | M6: 0.5 | N6: 2 | O6: 1 | P6: 0.5 | Q6: 1 | R6: 0.5 | S6: 1
A7: Ice | B7: 1 | C7: 0.5 | D7: 0.5 | E7: 1 | F7: 2 | G7: 0.5 | H7: 1 | I7: 1 | J7: 2 | K7: 2 | L7: 1 | M7: 1 | N7: 1 | O7: 1 | P7: 2 | Q7: 1 | R7: 0.5 | S7: 1
A8: Fighting | B8: 2 | C8: 1 | D8: 1 | E8: 1 | F8: 1 | G8: 2 | H8: 1 | I8: 0.5 | J8: 1 | K8: 0.5 | L8: 0.5 | M8: 0.5 | N8: 2 | O8: 0 | P8: 1 | Q8: 2 | R8: 2 | S8: 0.5
A9: Poison | B9: 1 | C9: 1 | D9: 1 | E9: 1 | F9: 2 | G9: 1 | H9: 1 | I9: 0.5 | J9: 0.5 | K9: 1 | L9: 1 | M9: 1 | N9: 0.5 | O9: 0.5 | P9: 1 | Q9: 1 | R9: 0 | S9: 2
A10: Ground | B10: 1 | C10: 2 | D10: 1 | E10: 2 | F10: 1 | G10: 1 | H10: 1 | I10: 2 | J10: 1 | K10: 0 | L10: 1 | M10: 0.5 | N10: 2 | O10: 1 | P10: 1 | Q10: 1 | R10: 2 | S10: 1
A11: Flying | B11: 1 | C11: 1 | D11: 1 | E11: 0.5 | F11: 2 | G11: 1 | H11: 2 | I11: 1 | J11: 1 | K11: 1 | L11: 1 | M11: 2 | N11: 0.5 | O11: 1 | P11: 1 | Q11: 1 | R11: 0.5 | S11: 1
A12: Psychic | B12: 1 | C12: 1 | D12: 1 | E12: 1 | F12: 1 | G12: 1 | H12: 2 | I12: 2 | J12: 1 | K12: 1 | L12: 0.5 | M12: 1 | N12: 1 | O12: 1 | P12: 1 | Q12: 0 | R12: 0.5 | S12: 1
A13: Bug | B13: 1 | C13: 0.5 | D13: 1 | E13: 1 | F13: 2 | G13: 1 | H13: 0.5 | I13: 0.5 | J13: 1 | K13: 0.5 | L13: 2 | M13: 1 | N13: 1 | O13: 0.5 | P13: 1 | Q13: 2 | R13: 0.5 | S13: 0.5
... A19: Fairy | B19: 1 | C19: 0.5 | D19: 1 | E19: 1 | F19: 1 | G19: 1 | H19: 2 | I19: 0.5 | J19: 1 | K19: 1 | L19: 1 | M19: 1 | N19: 1 | O19: 1 | P19: 2 | Q19: 2 | R19: 0.5 | S19: 1

Sheet Opponent
A1: Trainer | B1: Battle | C1: BattleOrder | D1: Slot | E1: Pokemon | F1: Type1 | G1: Type2 | H1: HP | I1: ATK | J1: DEF | K1: SPA | L1: SPD | M1: SPE | N1: Level | O1: Notes | P1: Move1 | Q1: Move1Type | R1: Move1Category | S1: Move1Power | T1: Move1Accuracy | U1: Move2 | V1: Move2Type | W1: Move2Category | X1: Move2Power | Y1: Move2Accuracy | Z1: Move3 | AA1: Move3Type | AB1: Move3Category | AC1: Move3Power | AD1: Move3Accuracy | AE1: Move4 | AF1: Move4Type | AG1: Move4Category | AH1: Move4Power | AI1: Move4Accuracy | AJ1: Ability | AK1: AbilityNotes
A2: Bea | B2: Gym 4 | C2: 1 | D2: 1 | E2: Hitmontop | F2: Fighting | H2: 50 | I2: 95 | J2: 95 | K2: 35 | L2: 110 | M2: 70 | N2: 34 | O2: Verified | P2: Triple Kick | Q2: =IFERROR(VLOOKUP(P2,MoveData[],3,FALSE),"") -> Fighting | R2: =IFERROR(VLOOKUP(P2,MoveData[],4,FALSE),"") -> Physical | S2: 10 | T2: 90 | U2: Counter | V2: =IFERROR(VLOOKUP(U2,MoveData[],3,FALSE),"") -> Fighting | W2: =IFERROR(VLOOKUP(U2,MoveData[],4,FALSE),"") -> Physical | X2: 0 | Y2: 100 | Z2: Revenge | AA2: =IFERROR(VLOOKUP(Z2,MoveData[],3,FALSE),"") -> Fighting | AB2: =IFERROR(VLOOKUP(Z2,MoveData[],4,FALSE),"") -> Physical | AC2: 60 | AD2: 100 | AE2: Quick Attack | AF2: =IFERROR(VLOOKUP(AE2,MoveData[],3,FALSE),"") -> Normal | AG2: =IFERROR(VLOOKUP(AE2,MoveData[],4,FALSE),"") -> Physical | AH2: 40 | AI2: 100 | AJ2: Intimidate | AK2: Verified - Trainer specific
A3: Bea | B3: Gym 4 | C3: 1 | D3: 2 | E3: Pangoro | F3: Fighting | G3: Dark | H3: 95 | I3: 124 | J3: 78 | K3: 69 | L3: 71 | M3: 58 | N3: 34 | O3: Verified | P3: Bullet Punch | Q3: =IFERROR(VLOOKUP(P3,MoveData[],3,FALSE),"") -> Steel | R3: =IFERROR(VLOOKUP(P3,MoveData[],4,FALSE),"") -> Physical | S3: 40 | T3: 100 | U3: Night Slash | V3: =IFERROR(VLOOKUP(U3,MoveData[],3,FALSE),"") -> Dark | W3: =IFERROR(VLOOKUP(U3,MoveData[],4,FALSE),"") -> Physical | X3: 70 | Y3: 100 | Z3: Circle Throw | AA3: =IFERROR(VLOOKUP(Z3,MoveData[],3,FALSE),"") -> Fighting | AB3: =IFERROR(VLOOKUP(Z3,MoveData[],4,FALSE),"") -> Physical | AC3: 60 | AD3: 90 | AE3: Work Up | AF3: =IFERROR(VLOOKUP(AE3,MoveData[],3,FALSE),"") -> Normal | AG3: =IFERROR(VLOOKUP(AE3,MoveData[],4,FALSE),"") -> Status | AH3: 0 | AI3: 100 | AJ3: Iron Fist | AK3: Verified - Trainer specific
A4: Bea | B4: Gym 4 | C4: 1 | D4: 3 | E4: Sirfetch'd | F4: Fighting | H4: 62 | I4: 135 | J4: 95 | K4: 68 | L4: 82 | M4: 65 | N4: 35 | O4: Verified | P4: Brutal Swing | Q4: =IFERROR(VLOOKUP(P4,MoveData[],3,FALSE),"") -> Dark | R4: =IFERROR(VLOOKUP(P4,MoveData[],4,FALSE),"") -> Physical | S4: 60 | T4: 100 | U4: Revenge | V4: =IFERROR(VLOOKUP(U4,MoveData[],3,FALSE),"") -> Fighting | W4: =IFERROR(VLOOKUP(U4,MoveData[],4,FALSE),"") -> Physical | X4: 60 | Y4: 100 | Z4: Detect | AA4: =IFERROR(VLOOKUP(Z4,MoveData[],3,FALSE),"") -> Fighting | AB4: =IFERROR(VLOOKUP(Z4,MoveData[],4,FALSE),"") -> Status | AC4: 0 | AD4: 100 | AE4: Swords Dance | AF4: =IFERROR(VLOOKUP(AE4,MoveData[],3,FALSE),"") -> Normal | AG4: =IFERROR(VLOOKUP(AE4,MoveData[],4,FALSE),"") -> Status | AH4: 0 | AI4: 100 | AJ4: Scrappy | AK4: Verified - Trainer specific
A5: Bea | B5: Gym 4 | C5: 1 | D5: 4 | E5: Machamp | F5: Fighting | H5: 90 | I5: 130 | J5: 80 | K5: 65 | L5: 85 | M5: 55 | N5: 36 | O5: Verified | P5: G-Max Chi Strike | Q5: Fighting | R5: Physical | S5: 110 | T5: 100 | U5: Max Darkness | V5: Dark | W5: Physical | X5: 120 | Y5: 100 | Z5: Max Strike | AA5: Normal | AB5: Physical | AC5: 130 | AD5: 100 | AE5: Max Guard | AF5: =IFERROR(VLOOKUP(AE5,MoveData[],3,FALSE),"") -> Normal | AG5: =IFERROR(VLOOKUP(AE5,MoveData[],4,FALSE),"") -> Status | AH5: 0 | AI5: 100 | AJ5: Guts | AK5: Verified - Trainer specific
A6: Gordie | B6: Gym 6 | C6: 1 | D6: 1 | E6: Barbaracle | F6: Rock | G6: Water | H6: 72 | I6: 105 | J6: 115 | K6: 54 | L6: 86 | M6: 68 | N6: 40 | O6: Verified | P6: Razor Shell | Q6: =IFERROR(VLOOKUP(P6,MoveData[],3,FALSE),"") -> Water | R6: =IFERROR(VLOOKUP(P6,MoveData[],4,FALSE),"") -> Physical | S6: 75 | T6: 95 | U6: Rock Tomb | V6: =IFERROR(VLOOKUP(U6,MoveData[],3,FALSE),"") -> Rock | W6: =IFERROR(VLOOKUP(U6,MoveData[],4,FALSE),"") -> Physical | X6: 60 | Y6: 95 | Z6: Shell Smash | AA6: =IFERROR(VLOOKUP(Z6,MoveData[],3,FALSE),"") -> Normal | AB6: =IFERROR(VLOOKUP(Z6,MoveData[],4,FALSE),"") -> Status | AC6: 0 | AD6: 100 | AF6: =IFERROR(VLOOKUP(AE6,MoveData[],3,FALSE),"") | AG6: =IFERROR(VLOOKUP(AE6,MoveData[],4,FALSE),"") | AH6: 0 | AI6: 100 | AJ6: Tough Claws | AK6: Verified - Trainer specific
A7: Gordie | B7: Gym 6 | C7: 1 | D7: 2 | E7: Shuckle | F7: Bug | G7: Rock | H7: 20 | I7: 10 | J7: 230 | K7: 10 | L7: 230 | M7: 5 | N7: 40 | O7: Verified | P7: Stone Edge | Q7: =IFERROR(VLOOKUP(P7,MoveData[],3,FALSE),"") -> Rock | R7: =IFERROR(VLOOKUP(P7,MoveData[],4,FALSE),"") -> Physical | S7: 100 | T7: 80 | U7: Struggle Bug | V7: =IFERROR(VLOOKUP(U7,MoveData[],3,FALSE),"") -> Bug | W7: =IFERROR(VLOOKUP(U7,MoveData[],4,FALSE),"") -> Special | X7: 50 | Y7: 100 | Z7: Rock Tomb | AA7: =IFERROR(VLOOKUP(Z7,MoveData[],3,FALSE),"") -> Rock | AB7: =IFERROR(VLOOKUP(Z7,MoveData[],4,FALSE),"") -> Physical | AC7: 60 | AD7: 95 | AE7: Power Split | AF7: =IFERROR(VLOOKUP(AE7,MoveData[],3,FALSE),"") -> Psychic | AG7: =IFERROR(VLOOKUP(AE7,MoveData[],4,FALSE),"") -> Status | AH7: 0 | AI7: 100 | AJ7: Sturdy | AK7: Species default
A8: Gordie | B8: Gym 6 | C8: 1 | D8: 3 | E8: Stonjourner | F8: Rock | H8: 100 | I8: 125 | J8: 135 | K8: 20 | L8: 20 | M8: 70 | N8: 41 | O8: Verified | P8: Rock Tomb | Q8: =IFERROR(VLOOKUP(P8,MoveData[],3,FALSE),"") -> Rock | R8: =IFERROR(VLOOKUP(P8,MoveData[],4,FALSE),"") -> Physical | S8: 60 | T8: 95 | U8: Body Slam | V8: =IFERROR(VLOOKUP(U8,MoveData[],3,FALSE),"") -> Normal | W8: =IFERROR(VLOOKUP(U8,MoveData[],4,FALSE),"") -> Physical | X8: 85 | Y8: 100 | Z8: Stealth Rock | AA8: =IFERROR(VLOOKUP(Z8,MoveData[],3,FALSE),"") -> Rock | AB8: =IFERROR(VLOOKUP(Z8,MoveData[],4,FALSE),"") -> Status | AC8: 0 | AD8: 100 | AE8: Wonder Room | AF8: =IFERROR(VLOOKUP(AE8,MoveData[],3,FALSE),"") -> Psychic | AG8: =IFERROR(VLOOKUP(AE8,MoveData[],4,FALSE),"") -> Status | AH8: 0 | AI8: 100 | AJ8: Power Spot | AK8: Species only ability
A9: Gordie | B9: Gym 6 | C9: 1 | D9: 4 | E9: Coalossal | F9: Rock | G9: Fire | H9: 110 | I9: 80 | J9: 120 | K9: 80 | L9: 90 | M9: 30 | N9: 42 | O9: Verified | P9: Max Flare | Q9: Fire | R9: Physical | S9: 130 | T9: 100 | U9: G-Max Volcalith | V9: Rock | W9: Physical | X9: 110 | Y9: 100 | Z9: Max Guard | AA9: =IFERROR(VLOOKUP(Z9,MoveData[],3,FALSE),"") -> Normal | AB9: =IFERROR(VLOOKUP(Z9,MoveData[],4,FALSE),"") -> Status | AC9: 0 | AD9: 100 | AE9: Max Guard | AF9: =IFERROR(VLOOKUP(AE9,MoveData[],3,FALSE),"") -> Normal | AG9: =IFERROR(VLOOKUP(AE9,MoveData[],4,FALSE),"") -> Status | AH9: 0 | AI9: 100 | AJ9: Steam Engine | AK9: Verified - Trainer specific
A10: Hop | B10: Postwick | C10: 1 | D10: 1 | E10: Wooloo | F10: Normal | H10: 42 | I10: 40 | J10: 55 | K10: 40 | L10: 45 | M10: 48 | N10: 3 | O10: Verified | P10: Tackle | Q10: =IFERROR(VLOOKUP(P10,MoveData[],3,FALSE),"") -> Normal | R10: =IFERROR(VLOOKUP(P10,MoveData[],4,FALSE),"") -> Physical | S10: 40 | T10: 100 | V10: =IFERROR(VLOOKUP(U10,MoveData[],3,FALSE),"") | W10: =IFERROR(VLOOKUP(U10,MoveData[],4,FALSE),"") | X10: 0 | Y10: 100 | AA10: =IFERROR(VLOOKUP(Z10,MoveData[],3,FALSE),"") | AB10: =IFERROR(VLOOKUP(Z10,MoveData[],4,FALSE),"") | AC10: 0 | AD10: 100 | AF10: =IFERROR(VLOOKUP(AE10,MoveData[],3,FALSE),"") | AG10: =IFERROR(VLOOKUP(AE10,MoveData[],4,FALSE),"") | AH10: 0 | AI10: 100 | AJ10: Fluffy | AK10: Species default
A11: Hop | B11: Postwick | C11: 1 | D11: 2 | E11: Grookey | F11: Grass | H11: 50 | I11: 65 | J11: 50 | K11: 40 | L11: 40 | M11: 65 | N11: 5 | O11: Verified | P11: Scratch | Q11: =IFERROR(VLOOKUP(P11,MoveData[],3,FALSE),"") -> Normal | R11: =IFERROR(VLOOKUP(P11,MoveData[],4,FALSE),"") -> Physical | S11: 40 | T11: 100 | U11: Growl | V11: =IFERROR(VLOOKUP(U11,MoveData[],3,FALSE),"") -> Normal | W11: =IFERROR(VLOOKUP(U11,MoveData[],4,FALSE),"") -> Status | X11: 0 | Y11: 100 | AA11: =IFERROR(VLOOKUP(Z11,MoveData[],3,FALSE),"") | AB11: =IFERROR(VLOOKUP(Z11,MoveData[],4,FALSE),"") | AC11: 0 | AD11: 100 | AF11: =IFERROR(VLOOKUP(AE11,MoveData[],3,FALSE),"") | AG11: =IFERROR(VLOOKUP(AE11,MoveData[],4,FALSE),"") | AH11: 0 | AI11: 100 | AJ11: Overgrow | AK11: Starter ability
A12: Kabu | B12: Gym 3 | C12: 1 | D12: 1 | E12: Ninetales | F12: Fire | H12: 73 | I12: 76 | J12: 75 | K12: 81 | L12: 100 | M12: 100 | N12: 25 | O12: Verified | P12: Fire Spin | Q12: =IFERROR(VLOOKUP(P12,MoveData[],3,FALSE),"") -> Fire | R12: =IFERROR(VLOOKUP(P12,MoveData[],4,FALSE),"") -> Special | S12: 35 | T12: 85 | U12: Ember | V12: =IFERROR(VLOOKUP(U12,MoveData[],3,FALSE),"") -> Fire | W12: =IFERROR(VLOOKUP(U12,MoveData[],4,FALSE),"") -> Special | X12: 40 | Y12: 100 | Z12: Quick Attack | AA12: =IFERROR(VLOOKUP(Z12,MoveData[],3,FALSE),"") -> Normal | AB12: =IFERROR(VLOOKUP(Z12,MoveData[],4,FALSE),"") -> Physical | AC12: 40 | AD12: 100 | AE12: Will-O-Wisp | AF12: =IFERROR(VLOOKUP(AE12,MoveData[],3,FALSE),"") -> Fire | AG12: =IFERROR(VLOOKUP(AE12,MoveData[],4,FALSE),"") -> Status | AH12: 0 | AI12: 85 | AJ12: Flash Fire | AK12: Verified - Trainer specific
A13: Kabu | B13: Gym 3 | C13: 1 | D13: 2 | E13: Arcanine | F13: Fire | H13: 90 | I13: 110 | J13: 80 | K13: 100 | L13: 80 | M13: 95 | N13: 25 | O13: Verified | P13: Flame Wheel | Q13: =IFERROR(VLOOKUP(P13,MoveData[],3,FALSE),"") -> Fire | R13: =IFERROR(VLOOKUP(P13,MoveData[],4,FALSE),"") -> Physical | S13: 60 | T13: 100 | U13: Bite | V13: =IFERROR(VLOOKUP(U13,MoveData[],3,FALSE),"") -> Dark | W13: =IFERROR(VLOOKUP(U13,MoveData[],4,FALSE),"") -> Physical | X13: 60 | Y13: 100 | Z13: Agility | AA13: =IFERROR(VLOOKUP(Z13,MoveData[],3,FALSE),"") -> Psychic | AB13: =IFERROR(VLOOKUP(Z13,MoveData[],4,FALSE),"") -> Status | AC13: 0 | AD13: 100 | AE13: Will-O-Wisp | AF13: =IFERROR(VLOOKUP(AE13,MoveData[],3,FALSE),"") -> Fire | AG13: =IFERROR(VLOOKUP(AE13,MoveData[],4,FALSE),"") -> Status | AH13: 0 | AI13: 85 | AJ13: Flash Fire | AK13: Verified - Trainer specific
A14: Kabu | B14: Gym 3 | C14: 1 | D14: 3 | E14: Centiskorch | F14: Fire | G14: Bug | H14: 100 | I14: 115 | J14: 65 | K14: 90 | L14: 90 | M14: 65 | N14: 27 | O14: Verified | P14: G-Max Centiferno | Q14: Fire | R14: Physical | S14: 110 | T14: 100 | U14: Max Flutterby | V14: Bug | W14: Physical | X14: 110 | Y14: 100 | Z14: Max Guard | AA14: =IFERROR(VLOOKUP(Z14,MoveData[],3,FALSE),"") -> Normal | AB14: =IFERROR(VLOOKUP(Z14,MoveData[],4,FALSE),"") -> Status | AC14: 0 | AD14: 100 | AE14: Max Guard | AF14: =IFERROR(VLOOKUP(AE14,MoveData[],3,FALSE),"") -> Normal | AG14: =IFERROR(VLOOKUP(AE14,MoveData[],4,FALSE),"") -> Status | AH14: 0 | AI14: 100 | AJ14: Flash Fire | AK14: Verified - Trainer specific
A15: Leon | B15: Wyndon Stadium (Scorbunny) | C15: 1 | D15: 1 | E15: Aegislash | F15: Steel | G15: Ghost | H15: 60 | I15: 50 | J15: 140 | K15: 50 | L15: 140 | M15: 60 | N15: 62 | O15: Verified | P15: Sacred Sword | Q15: =IFERROR(VLOOKUP(P15,MoveData[],3,FALSE),"") -> Fighting | R15: =IFERROR(VLOOKUP(P15,MoveData[],4,FALSE),"") -> Physical | S15: 90 | T15: 100 | U15: Shadow Ball | V15: =IFERROR(VLOOKUP(U15,MoveData[],3,FALSE),"") -> Ghost | W15: =IFERROR(VLOOKUP(U15,MoveData[],4,FALSE),"") -> Special | X15: 80 | Y15: 100 | Z15: Flash Cannon | AA15: =IFERROR(VLOOKUP(Z15,MoveData[],3,FALSE),"") -> Steel | AB15: =IFERROR(VLOOKUP(Z15,MoveData[],4,FALSE),"") -> Special | AC15: 80 | AD15: 100 | AE15: King's Shield | AF15: =IFERROR(VLOOKUP(AE15,MoveData[],3,FALSE),"") -> Steel | AG15: =IFERROR(VLOOKUP(AE15,MoveData[],4,FALSE),"") -> Status | AH15: 0 | AI15: 100 | AJ15: Stance Change | AK15: Species only ability
A16: Leon | B16: Wyndon Stadium (Scorbunny) | C16: 1 | D16: 2 | E16: Dragapult | F16: Dragon | G16: Ghost | H16: 88 | I16: 120 | J16: 75 | K16: 100 | L16: 75 | M16: 142 | N16: 62 | O16: Verified | P16: Shadow Ball | Q16: =IFERROR(VLOOKUP(P16,MoveData[],3,FALSE),"") -> Ghost | R16: =IFERROR(VLOOKUP(P16,MoveData[],4,FALSE),"") -> Special | S16: 80 | T16: 100 | U16: Flamethrower | V16: =IFERROR(VLOOKUP(U16,MoveData[],3,FALSE),"") -> Fire | W16: =IFERROR(VLOOKUP(U16,MoveData[],4,FALSE),"") -> Special | X16: 90 | Y16: 100 | Z16: Thunderbolt | AA16: =IFERROR(VLOOKUP(Z16,MoveData[],3,FALSE),"") -> Electric | AB16: =IFERROR(VLOOKUP(Z16,MoveData[],4,FALSE),"") -> Special | AC16: 90 | AD16: 100 | AE16: Dragon Breath | AF16: =IFERROR(VLOOKUP(AE16,MoveData[],3,FALSE),"") -> Dragon | AG16: =IFERROR(VLOOKUP(AE16,MoveData[],4,FALSE),"") -> Special | AH16: 60 | AI16: 100 | AJ16: Clear Body | AK16: Verified - Trainer specific
A17: Leon | B17: Wyndon Stadium (Scorbunny) | C17: 1 | D17: 3 | E17: Haxorus | F17: Dragon | H17: 76 | I17: 147 | J17: 90 | K17: 60 | L17: 70 | M17: 97 | N17: 63 | O17: Verified | P17: Poison Jab | Q17: =IFERROR(VLOOKUP(P17,MoveData[],3,FALSE),"") -> Poison | R17: =IFERROR(VLOOKUP(P17,MoveData[],4,FALSE),"") -> Physical | S17: 80 | T17: 100 | U17: Iron Tail | V17: =IFERROR(VLOOKUP(U17,MoveData[],3,FALSE),"") -> Steel | W17: =IFERROR(VLOOKUP(U17,MoveData[],4,FALSE),"") -> Physical | X17: 100 | Y17: 75 | Z17: Outrage | AA17: =IFERROR(VLOOKUP(Z17,MoveData[],3,FALSE),"") -> Dragon | AB17: =IFERROR(VLOOKUP(Z17,MoveData[],4,FALSE),"") -> Physical | AC17: 120 | AD17: 100 | AE17: Earthquake | AF17: =IFERROR(VLOOKUP(AE17,MoveData[],3,FALSE),"") -> Ground | AG17: =IFERROR(VLOOKUP(AE17,MoveData[],4,FALSE),"") -> Physical | AH17: 100 | AI17: 100 | AJ17: Mold Breaker | AK17: Verified - Trainer specific
A18: Leon | B18: Wyndon Stadium (Scorbunny) | C18: 1 | D18: 4 | E18: Mr. Rime | F18: Ice | G18: Psychic | H18: 80 | I18: 85 | J18: 75 | K18: 110 | L18: 100 | M18: 70 | N18: 64 | O18: Verified | P18: Psychic | Q18: =IFERROR(VLOOKUP(P18,MoveData[],3,FALSE),"") -> Psychic | R18: =IFERROR(VLOOKUP(P18,MoveData[],4,FALSE),"") -> Special | S18: 90 | T18: 100 | U18: Freeze-Dry | V18: =IFERROR(VLOOKUP(U18,MoveData[],3,FALSE),"") -> Ice | W18: =IFERROR(VLOOKUP(U18,MoveData[],4,FALSE),"") -> Special | X18: 70 | Y18: 100 | Z18: Thunderbolt | AA18: =IFERROR(VLOOKUP(Z18,MoveData[],3,FALSE),"") -> Electric | AB18: =IFERROR(VLOOKUP(Z18,MoveData[],4,FALSE),"") -> Special | AC18: 90 | AD18: 100 | AE18: Teeter Dance | AF18: =IFERROR(VLOOKUP(AE18,MoveData[],3,FALSE),"") -> Normal | AG18: =IFERROR(VLOOKUP(AE18,MoveData[],4,FALSE),"") -> Status | AH18: 0 | AI18: 100 | AJ18: Tangled Feet | AK18: Verified - Trainer specific
A19: Leon | B19: Wyndon Stadium (Scorbunny) | C19: 1 | D19: 5 | E19: Inteleon | F19: Water | H19: 70 | I19: 85 | J19: 65 | K19: 125 | L19: 65 | M19: 120 | N19: 64 | O19: Verified | P19: Snipe Shot | Q19: =IFERROR(VLOOKUP(P19,MoveData[],3,FALSE),"") -> Water | R19: =IFERROR(VLOOKUP(P19,MoveData[],4,FALSE),"") -> Special | S19: 80 | T19: 100 | U19: Dark Pulse | V19: =IFERROR(VLOOKUP(U19,MoveData[],3,FALSE),"") -> Dark | W19: =IFERROR(VLOOKUP(U19,MoveData[],4,FALSE),"") -> Special | X19: 80 | Y19: 100 | Z19: Mud Shot | AA19: =IFERROR(VLOOKUP(Z19,MoveData[],3,FALSE),"") -> Ground | AB19: =IFERROR(VLOOKUP(Z19,MoveData[],4,FALSE),"") -> Special | AC19: 55 | AD19: 95 | AE19: Tearful Look | AF19: =IFERROR(VLOOKUP(AE19,MoveData[],3,FALSE),"") -> Normal | AG19: =IFERROR(VLOOKUP(AE19,MoveData[],4,FALSE),"") -> Status | AH19: 0 | AI19: 100 | AJ19: Torrent | AK19: Starter ability
A20: Leon | B20: Wyndon Stadium (Scorbunny) | C20: 1 | D20: 6 | E20: Charizard | F20: Fire | G20: Flying | H20: 78 | I20: 84 | J20: 78 | K20: 109 | L20: 85 | M20: 100 | N20: 65 | O20: Verified | P20: G-Max Wildfire | Q20: Fire | R20: Special | S20: 140 | T20: 100 | U20: Max Airstream | V20: Flying | W20: Special | X20: 130 | Y20: 100 | Z20: Max Overgrowth | AA20: Grass | AB20: Special | AC20: 140 | AD20: 100 | AE20: Max Rockfall | AF20: Rock | AG20: Special | AH20: 110 | AI20: 100 | AJ20: Blaze | AK20: Starter ability
A21: Marnie | B21: Budew Drop Inn | C21: 1 | D21: 1 | E21: Croagunk | F21: Poison | G21: Fighting | H21: 48 | I21: 61 | J21: 40 | K21: 61 | L21: 40 | M21: 50 | N21: 24 | O21: Verified | P21: Poison Sting | Q21: =IFERROR(VLOOKUP(P21,MoveData[],3,FALSE),"") -> Poison | R21: =IFERROR(VLOOKUP(P21,MoveData[],4,FALSE),"") -> Physical | S21: 15 | T21: 100 | U21: Venoshock | V21: =IFERROR(VLOOKUP(U21,MoveData[],3,FALSE),"") -> Poison | W21: =IFERROR(VLOOKUP(U21,MoveData[],4,FALSE),"") -> Special | X21: 65 | Y21: 100 | Z21: Revenge | AA21: =IFERROR(VLOOKUP(Z21,MoveData[],3,FALSE),"") -> Fighting | AB21: =IFERROR(VLOOKUP(Z21,MoveData[],4,FALSE),"") -> Physical | AC21: 60 | AD21: 100 | AE21: Sucker Punch | AF21: =IFERROR(VLOOKUP(AE21,MoveData[],3,FALSE),"") -> Dark | AG21: =IFERROR(VLOOKUP(AE21,MoveData[],4,FALSE),"") -> Physical | AH21: 70 | AI21: 100 | AJ21: Dry Skin | AK21: Verified - Trainer specific
A22: Marnie | B22: Budew Drop Inn | C22: 1 | D22: 2 | E22: Scraggy | F22: Dark | G22: Fighting | H22: 50 | I22: 75 | J22: 70 | K22: 35 | L22: 70 | M22: 48 | N22: 24 | O22: Verified | P22: Beat Up | Q22: =IFERROR(VLOOKUP(P22,MoveData[],3,FALSE),"") -> Dark | R22: =IFERROR(VLOOKUP(P22,MoveData[],4,FALSE),"") -> Physical | S22: 0 | T22: 100 | U22: Headbutt | V22: =IFERROR(VLOOKUP(U22,MoveData[],3,FALSE),"") -> Normal | W22: =IFERROR(VLOOKUP(U22,MoveData[],4,FALSE),"") -> Physical | X22: 70 | Y22: 100 | Z22: Low Kick | AA22: =IFERROR(VLOOKUP(Z22,MoveData[],3,FALSE),"") -> Fighting | AB22: =IFERROR(VLOOKUP(Z22,MoveData[],4,FALSE),"") -> Physical | AC22: 0 | AD22: 100 | AF22: =IFERROR(VLOOKUP(AE22,MoveData[],3,FALSE),"") | AG22: =IFERROR(VLOOKUP(AE22,MoveData[],4,FALSE),"") | AH22: 0 | AI22: 100 | AJ22: Moxie | AK22: Verified - Trainer specific
A23: Marnie | B23: Budew Drop Inn | C23: 1 | D23: 3 | E23: Morpeko | F23: Electric | G23: Dark | H23: 58 | I23: 95 | J23: 58 | K23: 70 | L23: 58 | M23: 97 | N23: 26 | O23: Verified | P23: Quick Attack | Q23: =IFERROR(VLOOKUP(P23,MoveData[],3,FALSE),"") -> Normal | R23: =IFERROR(VLOOKUP(P23,MoveData[],4,FALSE),"") -> Physical | S23: 40 | T23: 100 | U23: Thunder Shock | V23: =IFERROR(VLOOKUP(U23,MoveData[],3,FALSE),"") -> Electric | W23: =IFERROR(VLOOKUP(U23,MoveData[],4,FALSE),"") -> Special | X23: 40 | Y23: 100 | Z23: Bite | AA23: =IFERROR(VLOOKUP(Z23,MoveData[],3,FALSE),"") -> Dark | AB23: =IFERROR(VLOOKUP(Z23,MoveData[],4,FALSE),"") -> Physical | AC23: 60 | AD23: 100 | AF23: =IFERROR(VLOOKUP(AE23,MoveData[],3,FALSE),"") | AG23: =IFERROR(VLOOKUP(AE23,MoveData[],4,FALSE),"") | AH23: 0 | AI23: 100 | AJ23: Hunger Switch | AK23: Species only ability
A24: Milo | B24: Gym 1 | C24: 1 | D24: 1 | E24: Gossifleur | F24: Grass | H24: 40 | I24: 40 | J24: 60 | K24: 40 | L24: 60 | M24: 10 | N24: 19 | O24: Verified | P24: Magical Leaf | Q24: =IFERROR(VLOOKUP(P24,MoveData[],3,FALSE),"") -> Grass | R24: =IFERROR(VLOOKUP(P24,MoveData[],4,FALSE),"") -> Special | S24: 60 | T24: 100 | U24: Round | V24: =IFERROR(VLOOKUP(U24,MoveData[],3,FALSE),"") -> Normal | W24: =IFERROR(VLOOKUP(U24,MoveData[],4,FALSE),"") -> Special | X24: 60 | Y24: 100 | Z24: Rapid Spin | AA24: =IFERROR(VLOOKUP(Z24,MoveData[],3,FALSE),"") -> Normal | AB24: =IFERROR(VLOOKUP(Z24,MoveData[],4,FALSE),"") -> Physical | AC24: 50 | AD24: 100 | AF24: =IFERROR(VLOOKUP(AE24,MoveData[],3,FALSE),"") | AG24: =IFERROR(VLOOKUP(AE24,MoveData[],4,FALSE),"") | AH24: 0 | AI24: 100 | AJ24: Cotton Down | AK24: Verified - Trainer specific
A25: Milo | B25: Gym 1 | C25: 1 | D25: 2 | E25: Eldegoss | F25: Grass | H25: 60 | I25: 50 | J25: 90 | K25: 80 | L25: 120 | M25: 60 | N25: 20 | O25: Verified | P25: Max Overgrowth | Q25: Grass | R25: Special | S25: 110 | T25: 100 | U25: Max Overgrowth | V25: Grass | W25: Physical | X25: 90 | Y25: 100 | Z25: Max Strike | AA25: Normal | AB25: Special | AC25: 110 | AD25: 100 | AF25: =IFERROR(VLOOKUP(AE25,MoveData[],3,FALSE),"") | AG25: =IFERROR(VLOOKUP(AE25,MoveData[],4,FALSE),"") | AH25: 0 | AI25: 100 | AJ25: Cotton Down | AK25: Verified - Trainer specific
A26: Nessa | B26: Gym 2 | C26: 1 | D26: 1 | E26: Goldeen | F26: Water | H26: 45 | I26: 67 | J26: 60 | K26: 35 | L26: 50 | M26: 63 | N26: 22 | O26: Verified | P26: Water Pulse | Q26: =IFERROR(VLOOKUP(P26,MoveData[],3,FALSE),"") -> Water | R26: =IFERROR(VLOOKUP(P26,MoveData[],4,FALSE),"") -> Special | S26: 60 | T26: 100 | U26: Whirlpool | V26: =IFERROR(VLOOKUP(U26,MoveData[],3,FALSE),"") -> Water | W26: =IFERROR(VLOOKUP(U26,MoveData[],4,FALSE),"") -> Special | X26: 35 | Y26: 85 | Z26: Horn Attack | AA26: =IFERROR(VLOOKUP(Z26,MoveData[],3,FALSE),"") -> Normal | AB26: =IFERROR(VLOOKUP(Z26,MoveData[],4,FALSE),"") -> Physical | AC26: 65 | AD26: 100 | AE26: Agility | AF26: =IFERROR(VLOOKUP(AE26,MoveData[],3,FALSE),"") -> Psychic | AG26: =IFERROR(VLOOKUP(AE26,MoveData[],4,FALSE),"") -> Status | AH26: 0 | AI26: 100 | AJ26: Swift Swim | AK26: Verified - Trainer specific
A27: Nessa | B27: Gym 2 | C27: 1 | D27: 2 | E27: Arrokuda | F27: Water | H27: 41 | I27: 63 | J27: 40 | K27: 40 | L27: 30 | M27: 66 | N27: 23 | O27: Verified | P27: Aqua Jet | Q27: =IFERROR(VLOOKUP(P27,MoveData[],3,FALSE),"") -> Water | R27: =IFERROR(VLOOKUP(P27,MoveData[],4,FALSE),"") -> Physical | S27: 40 | T27: 100 | U27: Bite | V27: =IFERROR(VLOOKUP(U27,MoveData[],3,FALSE),"") -> Dark | W27: =IFERROR(VLOOKUP(U27,MoveData[],4,FALSE),"") -> Physical | X27: 60 | Y27: 100 | Z27: Whirlpool | AA27: =IFERROR(VLOOKUP(Z27,MoveData[],3,FALSE),"") -> Water | AB27: =IFERROR(VLOOKUP(Z27,MoveData[],4,FALSE),"") -> Special | AC27: 35 | AD27: 85 | AE27: Fury Attack | AF27: =IFERROR(VLOOKUP(AE27,MoveData[],3,FALSE),"") -> Normal | AG27: =IFERROR(VLOOKUP(AE27,MoveData[],4,FALSE),"") -> Physical | AH27: 15 | AI27: 85 | AJ27: Swift Swim | AK27: Species default
A28: Nessa | B28: Gym 2 | C28: 1 | D28: 3 | E28: Drednaw | F28: Water | G28: Rock | H28: 90 | I28: 115 | J28: 90 | K28: 48 | L28: 68 | M28: 74 | N28: 24 | O28: Verified | P28: Max Geyser | Q28: Water | R28: Physical | S28: 130 | T28: 100 | U28: Max Geyser | V28: Water | W28: Special | X28: 90 | Y28: 100 | Z28: Max Darkness | AA28: Dark | AB28: Physical | AC28: 110 | AD28: 100 | AE28: Max Strike | AF28: Normal | AG28: Physical | AH28: 120 | AI28: 100 | AJ28: Swift Swim | AK28: Verified - Trainer specific
A29: Oleana | B29: Rose Tower | C29: 1 | D29: 1 | E29: Froslass | F29: Ice | G29: Ghost | H29: 70 | I29: 80 | J29: 70 | K29: 80 | L29: 70 | M29: 110 | N29: 50 | O29: Verified | P29: Hex | Q29: =IFERROR(VLOOKUP(P29,MoveData[],3,FALSE),"") -> Ghost | R29: =IFERROR(VLOOKUP(P29,MoveData[],4,FALSE),"") -> Special | S29: 65 | T29: 100 | U29: Icy Wind | V29: =IFERROR(VLOOKUP(U29,MoveData[],3,FALSE),"") -> Ice | W29: =IFERROR(VLOOKUP(U29,MoveData[],4,FALSE),"") -> Special | X29: 55 | Y29: 95 | Z29: Will-O-Wisp | AA29: =IFERROR(VLOOKUP(Z29,MoveData[],3,FALSE),"") -> Fire | AB29: =IFERROR(VLOOKUP(Z29,MoveData[],4,FALSE),"") -> Status | AC29: 0 | AD29: 85 | AE29: Double Team | AF29: =IFERROR(VLOOKUP(AE29,MoveData[],3,FALSE),"") -> Normal | AG29: =IFERROR(VLOOKUP(AE29,MoveData[],4,FALSE),"") -> Status | AH29: 0 | AI29: 100 | AJ29: Snow Cloak | AK29: Species default
A30: Oleana | B30: Rose Tower | C30: 1 | D30: 4 | E30: Tsareena | F30: Grass | H30: 72 | I30: 120 | J30: 98 | K30: 50 | L30: 98 | M30: 72 | N30: 50 | O30: Verified | P30: Trop Kick | Q30: =IFERROR(VLOOKUP(P30,MoveData[],3,FALSE),"") -> Grass | R30: =IFERROR(VLOOKUP(P30,MoveData[],4,FALSE),"") -> Physical | S30: 70 | T30: 100 | U30: Stomp | V30: =IFERROR(VLOOKUP(U30,MoveData[],3,FALSE),"") -> Normal | W30: =IFERROR(VLOOKUP(U30,MoveData[],4,FALSE),"") -> Physical | X30: 65 | Y30: 100 | Z30: Acrobatics | AA30: =IFERROR(VLOOKUP(Z30,MoveData[],3,FALSE),"") -> Flying | AB30: =IFERROR(VLOOKUP(Z30,MoveData[],4,FALSE),"") -> Physical | AC30: 55 | AD30: 100 | AE30: Attract | AF30: =IFERROR(VLOOKUP(AE30,MoveData[],3,FALSE),"") -> Normal | AG30: =IFERROR(VLOOKUP(AE30,MoveData[],4,FALSE),"") -> Status | AH30: 0 | AI30: 100 | AJ30: Queenly Majesty | AK30: Verified - Trainer specific
A31: Oleana | B31: Rose Tower | C31: 1 | D31: 3 | E31: Salazzle | F31: Poison | G31: Fire | H31: 68 | I31: 64 | J31: 60 | K31: 111 | L31: 60 | M31: 117 | N31: 50 | O31: Verified | P31: Venoshock | Q31: =IFERROR(VLOOKUP(P31,MoveData[],3,FALSE),"") -> Poison | R31: =IFERROR(VLOOKUP(P31,MoveData[],4,FALSE),"") -> Special | S31: 65 | T31: 100 | U31: Incinerate | V31: =IFERROR(VLOOKUP(U31,MoveData[],3,FALSE),"") -> Fire | W31: =IFERROR(VLOOKUP(U31,MoveData[],4,FALSE),"") -> Special | X31: 60 | Y31: 100 | Z31: Dragon Pulse | AA31: =IFERROR(VLOOKUP(Z31,MoveData[],3,FALSE),"") -> Dragon | AB31: =IFERROR(VLOOKUP(Z31,MoveData[],4,FALSE),"") -> Special | AC31: 85 | AD31: 100 | AE31: Poison Gas | AF31: =IFERROR(VLOOKUP(AE31,MoveData[],3,FALSE),"") -> Poison | AG31: =IFERROR(VLOOKUP(AE31,MoveData[],4,FALSE),"") -> Status | AH31: 0 | AI31: 90 | AJ31: Corrosion | AK31: Species default
A32: Oleana | B32: Rose Tower | C32: 1 | D32: 2 | E32: Milotic | F32: Water | H32: 95 | I32: 60 | J32: 79 | K32: 100 | L32: 125 | M32: 81 | N32: 51 | O32: Verified | P32: Surf | Q32: =IFERROR(VLOOKUP(P32,MoveData[],3,FALSE),"") -> Water | R32: =IFERROR(VLOOKUP(P32,MoveData[],4,FALSE),"") -> Special | S32: 90 | T32: 100 | U32: Safeguard | V32: =IFERROR(VLOOKUP(U32,MoveData[],3,FALSE),"") -> Normal | W32: =IFERROR(VLOOKUP(U32,MoveData[],4,FALSE),"") -> Status | X32: 0 | Y32: 100 | Z32: Recover | AA32: =IFERROR(VLOOKUP(Z32,MoveData[],3,FALSE),"") -> Normal | AB32: =IFERROR(VLOOKUP(Z32,MoveData[],4,FALSE),"") -> Status | AC32: 0 | AD32: 100 | AE32: Aqua Ring | AF32: =IFERROR(VLOOKUP(AE32,MoveData[],3,FALSE),"") -> Water | AG32: =IFERROR(VLOOKUP(AE32,MoveData[],4,FALSE),"") -> Status | AH32: 0 | AI32: 100 | AJ32: Competitive | AK32: Verified - Trainer specific
A33: Oleana | B33: Rose Tower | C33: 1 | D33: 5 | E33: Garbodor | F33: Poison | H33: 80 | I33: 95 | J33: 82 | K33: 60 | L33: 82 | M33: 75 | N33: 52 | O33: Verified | P33: G-Max Malodor | Q33: Poison | R33: Physical | S33: 140 | T33: 100 | U33: Max Quake | V33: Ground | W33: Physical | X33: 130 | Y33: 100 | Z33: Max Rockfall | AA33: Rock | AB33: Physical | AC33: 90 | AD33: 100 | AE33: Max Guard | AF33: =IFERROR(VLOOKUP(AE33,MoveData[],3,FALSE),"") -> Normal | AG33: =IFERROR(VLOOKUP(AE33,MoveData[],4,FALSE),"") -> Status | AH33: 0 | AI33: 100 | AJ33: Stench | AK33: Verified - Trainer specific
A34: Opal | B34: Gym 5 | C34: 1 | D34: 1 | E34: Weezing | F34: Poison | G34: Fairy | H34: 65 | I34: 90 | J34: 120 | K34: 85 | L34: 70 | M34: 60 | N34: 36 | O34: Verified | P34: Sludge | Q34: =IFERROR(VLOOKUP(P34,MoveData[],3,FALSE),"") -> Poison | R34: =IFERROR(VLOOKUP(P34,MoveData[],4,FALSE),"") -> Special | S34: 65 | T34: 100 | U34: Fairy Wind | V34: =IFERROR(VLOOKUP(U34,MoveData[],3,FALSE),"") -> Fairy | W34: =IFERROR(VLOOKUP(U34,MoveData[],4,FALSE),"") -> Special | X34: 40 | Y34: 100 | Z34: Tackle | AA34: =IFERROR(VLOOKUP(Z34,MoveData[],3,FALSE),"") -> Normal | AB34: =IFERROR(VLOOKUP(Z34,MoveData[],4,FALSE),"") -> Physical | AC34: 40 | AD34: 100 | AF34: =IFERROR(VLOOKUP(AE34,MoveData[],3,FALSE),"") | AG34: =IFERROR(VLOOKUP(AE34,MoveData[],4,FALSE),"") | AH34: 0 | AI34: 100 | AJ34: Levitate | AK34: Verified - Galarian Weezing
A35: Opal | B35: Gym 5 | C35: 1 | D35: 2 | E35: Mawile | F35: Steel | G35: Fairy | H35: 50 | I35: 85 | J35: 85 | K35: 55 | L35: 55 | M35: 50 | N35: 36 | O35: Verified | P35: Draining Kiss | Q35: =IFERROR(VLOOKUP(P35,MoveData[],3,FALSE),"") -> Fairy | R35: =IFERROR(VLOOKUP(P35,MoveData[],4,FALSE),"") -> Special | S35: 50 | T35: 100 | U35: Crunch | V35: =IFERROR(VLOOKUP(U35,MoveData[],3,FALSE),"") -> Dark | W35: =IFERROR(VLOOKUP(U35,MoveData[],4,FALSE),"") -> Physical | X35: 80 | Y35: 100 | Z35: Astonish | AA35: =IFERROR(VLOOKUP(Z35,MoveData[],3,FALSE),"") -> Ghost | AB35: =IFERROR(VLOOKUP(Z35,MoveData[],4,FALSE),"") -> Physical | AC35: 30 | AD35: 100 | AE35: Iron Defense | AF35: =IFERROR(VLOOKUP(AE35,MoveData[],3,FALSE),"") -> Steel | AG35: =IFERROR(VLOOKUP(AE35,MoveData[],4,FALSE),"") -> Status | AH35: 0 | AI35: 100 | AJ35: Intimidate | AK35: Verified - Trainer specific
A36: Opal | B36: Gym 5 | C36: 1 | D36: 3 | E36: Togekiss | F36: Fairy | G36: Flying | H36: 85 | I36: 50 | J36: 95 | K36: 120 | L36: 115 | M36: 80 | N36: 37 | O36: Verified | P36: Air Slash | Q36: =IFERROR(VLOOKUP(P36,MoveData[],3,FALSE),"") -> Flying | R36: =IFERROR(VLOOKUP(P36,MoveData[],4,FALSE),"") -> Special | S36: 75 | T36: 95 | U36: Draining Kiss | V36: =IFERROR(VLOOKUP(U36,MoveData[],3,FALSE),"") -> Fairy | W36: =IFERROR(VLOOKUP(U36,MoveData[],4,FALSE),"") -> Special | X36: 50 | Y36: 100 | Z36: Ancient Power | AA36: =IFERROR(VLOOKUP(Z36,MoveData[],3,FALSE),"") -> Rock | AB36: =IFERROR(VLOOKUP(Z36,MoveData[],4,FALSE),"") -> Special | AC36: 60 | AD36: 100 | AF36: =IFERROR(VLOOKUP(AE36,MoveData[],3,FALSE),"") | AG36: =IFERROR(VLOOKUP(AE36,MoveData[],4,FALSE),"") | AH36: 0 | AI36: 100 | AJ36: Serene Grace | AK36: Verified - Trainer specific
A37: Opal | B37: Gym 5 | C37: 1 | D37: 4 | E37: Alcremie | F37: Fairy | H37: 65 | I37: 60 | J37: 75 | K37: 110 | L37: 121 | M37: 64 | N37: 38 | O37: Verified | P37: G-Max Finale | Q37: Fairy | R37: Special | S37: 100 | T37: 100 | U37: Max Guard | V37: =IFERROR(VLOOKUP(U37,MoveData[],3,FALSE),"") -> Normal | W37: =IFERROR(VLOOKUP(U37,MoveData[],4,FALSE),"") -> Status | X37: 0 | Y37: 100 | Z37: Max Guard | AA37: =IFERROR(VLOOKUP(Z37,MoveData[],3,FALSE),"") -> Normal | AB37: =IFERROR(VLOOKUP(Z37,MoveData[],4,FALSE),"") -> Status | AC37: 0 | AD37: 100 | AF37: =IFERROR(VLOOKUP(AE37,MoveData[],3,FALSE),"") | AG37: =IFERROR(VLOOKUP(AE37,MoveData[],4,FALSE),"") | AH37: 0 | AI37: 100 | AJ37: Sweet Veil | AK37: Verified - Trainer specific
A38: Piers | B38: Gym 7 | C38: 1 | D38: 1 | E38: Scrafty | F38: Dark | G38: Fighting | H38: 65 | I38: 90 | J38: 115 | K38: 45 | L38: 115 | M38: 58 | N38: 44 | O38: Verified | P38: Fake Out | Q38: =IFERROR(VLOOKUP(P38,MoveData[],3,FALSE),"") -> Normal | R38: =IFERROR(VLOOKUP(P38,MoveData[],4,FALSE),"") -> Physical | S38: 40 | T38: 100 | U38: Brick Break | V38: =IFERROR(VLOOKUP(U38,MoveData[],3,FALSE),"") -> Fighting | W38: =IFERROR(VLOOKUP(U38,MoveData[],4,FALSE),"") -> Physical | X38: 75 | Y38: 100 | Z38: Payback | AA38: =IFERROR(VLOOKUP(Z38,MoveData[],3,FALSE),"") -> Dark | AB38: =IFERROR(VLOOKUP(Z38,MoveData[],4,FALSE),"") -> Physical | AC38: 50 | AD38: 100 | AE38: Sand Attack | AF38: =IFERROR(VLOOKUP(AE38,MoveData[],3,FALSE),"") -> Ground | AG38: =IFERROR(VLOOKUP(AE38,MoveData[],4,FALSE),"") -> Status | AH38: 0 | AI38: 100 | AJ38: Intimidate | AK38: Verified - Trainer specific
A39: Piers | B39: Gym 7 | C39: 1 | D39: 2 | E39: Malamar | F39: Dark | G39: Psychic | H39: 86 | I39: 92 | J39: 88 | K39: 68 | L39: 75 | M39: 73 | N39: 45 | O39: Verified | P39: Night Slash | Q39: =IFERROR(VLOOKUP(P39,MoveData[],3,FALSE),"") -> Dark | R39: =IFERROR(VLOOKUP(P39,MoveData[],4,FALSE),"") -> Physical | S39: 70 | T39: 100 | U39: Foul Play | V39: =IFERROR(VLOOKUP(U39,MoveData[],3,FALSE),"") -> Dark | W39: =IFERROR(VLOOKUP(U39,MoveData[],4,FALSE),"") -> Physical | X39: 95 | Y39: 100 | Z39: Psycho Cut | AA39: =IFERROR(VLOOKUP(Z39,MoveData[],3,FALSE),"") -> Psychic | AB39: =IFERROR(VLOOKUP(Z39,MoveData[],4,FALSE),"") -> Physical | AC39: 70 | AD39: 100 | AE39: Payback | AF39: =IFERROR(VLOOKUP(AE39,MoveData[],3,FALSE),"") -> Dark | AG39: =IFERROR(VLOOKUP(AE39,MoveData[],4,FALSE),"") -> Physical | AH39: 50 | AI39: 100 | AJ39: Contrary | AK39: Verified - Trainer specific
A40: Piers | B40: Gym 7 | C40: 1 | D40: 3 | E40: Obstagoon | F40: Dark | G40: Normal | H40: 93 | I40: 90 | J40: 101 | K40: 60 | L40: 81 | M40: 95 | N40: 46 | O40: Verified | P40: Throat Chop | Q40: =IFERROR(VLOOKUP(P40,MoveData[],3,FALSE),"") -> Dark | R40: =IFERROR(VLOOKUP(P40,MoveData[],4,FALSE),"") -> Physical | S40: 80 | T40: 100 | U40: Counter | V40: =IFERROR(VLOOKUP(U40,MoveData[],3,FALSE),"") -> Fighting | W40: =IFERROR(VLOOKUP(U40,MoveData[],4,FALSE),"") -> Physical | X40: 0 | Y40: 100 | Z40: Shadow Claw | AA40: =IFERROR(VLOOKUP(Z40,MoveData[],3,FALSE),"") -> Ghost | AB40: =IFERROR(VLOOKUP(Z40,MoveData[],4,FALSE),"") -> Physical | AC40: 70 | AD40: 100 | AE40: Obstruct | AF40: =IFERROR(VLOOKUP(AE40,MoveData[],3,FALSE),"") -> Dark | AG40: =IFERROR(VLOOKUP(AE40,MoveData[],4,FALSE),"") -> Status | AH40: 0 | AI40: 100 | AJ40: Reckless | AK40: Verified - Trainer specific
A41: Piers | B41: Gym 7 | C41: 1 | D41: 4 | E41: Skuntank | F41: Poison | G41: Dark | H41: 103 | I41: 93 | J41: 67 | K41: 71 | L41: 61 | M41: 84 | N41: 45 | O41: Verified | P41: Sucker Punch | Q41: =IFERROR(VLOOKUP(P41,MoveData[],3,FALSE),"") -> Dark | R41: =IFERROR(VLOOKUP(P41,MoveData[],4,FALSE),"") -> Physical | S41: 70 | T41: 100 | U41: Snarl | V41: =IFERROR(VLOOKUP(U41,MoveData[],3,FALSE),"") -> Dark | W41: =IFERROR(VLOOKUP(U41,MoveData[],4,FALSE),"") -> Special | X41: 55 | Y41: 95 | Z41: Toxic | AA41: =IFERROR(VLOOKUP(Z41,MoveData[],3,FALSE),"") -> Poison | AB41: =IFERROR(VLOOKUP(Z41,MoveData[],4,FALSE),"") -> Status | AC41: 0 | AD41: 90 | AE41: Screech | AF41: =IFERROR(VLOOKUP(AE41,MoveData[],3,FALSE),"") -> Normal | AG41: =IFERROR(VLOOKUP(AE41,MoveData[],4,FALSE),"") -> Status | AH41: 0 | AI41: 85 | AJ41: Aftermath | AK41: Verified - Trainer specific
A42: Raihan | B42: Gym 8 | C42: 1 | D42: 1 | E42: Gigalith | F42: Rock | H42: 85 | I42: 135 | J42: 130 | K42: 60 | L42: 80 | M42: 25 | N42: 46 | O42: Verified | P42: Sand Tomb | Q42: =IFERROR(VLOOKUP(P42,MoveData[],3,FALSE),"") -> Ground | R42: =IFERROR(VLOOKUP(P42,MoveData[],4,FALSE),"") -> Physical | S42: 35 | T42: 85 | U42: Body Press | V42: =IFERROR(VLOOKUP(U42,MoveData[],3,FALSE),"") -> Fighting | W42: =IFERROR(VLOOKUP(U42,MoveData[],4,FALSE),"") -> Physical | X42: 80 | Y42: 100 | Z42: Rock Blast | AA42: =IFERROR(VLOOKUP(Z42,MoveData[],3,FALSE),"") -> Rock | AB42: =IFERROR(VLOOKUP(Z42,MoveData[],4,FALSE),"") -> Physical | AC42: 25 | AD42: 90 | AE42: Stealth Rock | AF42: =IFERROR(VLOOKUP(AE42,MoveData[],3,FALSE),"") -> Rock | AG42: =IFERROR(VLOOKUP(AE42,MoveData[],4,FALSE),"") -> Status | AH42: 0 | AI42: 100 | AJ42: Sand Stream | AK42: Verified - Trainer specific
A43: Raihan | B43: Gym 8 | C43: 1 | D43: 2 | E43: Flygon | F43: Ground | G43: Dragon | H43: 80 | I43: 100 | J43: 80 | K43: 80 | L43: 80 | M43: 100 | N43: 47 | O43: Verified | P43: Thunder Punch | Q43: =IFERROR(VLOOKUP(P43,MoveData[],3,FALSE),"") -> Electric | R43: =IFERROR(VLOOKUP(P43,MoveData[],4,FALSE),"") -> Physical | S43: 75 | T43: 100 | U43: Breaking Swipe | V43: =IFERROR(VLOOKUP(U43,MoveData[],3,FALSE),"") -> Dragon | W43: =IFERROR(VLOOKUP(U43,MoveData[],4,FALSE),"") -> Physical | X43: 60 | Y43: 100 | Z43: Crunch | AA43: =IFERROR(VLOOKUP(Z43,MoveData[],3,FALSE),"") -> Dark | AB43: =IFERROR(VLOOKUP(Z43,MoveData[],4,FALSE),"") -> Physical | AC43: 80 | AD43: 100 | AE43: Steel Wing | AF43: =IFERROR(VLOOKUP(AE43,MoveData[],3,FALSE),"") -> Steel | AG43: =IFERROR(VLOOKUP(AE43,MoveData[],4,FALSE),"") -> Physical | AH43: 70 | AI43: 90 | AJ43: Levitate | AK43: Species only ability
A44: Raihan | B44: Gym 8 | C44: 1 | D44: 3 | E44: Sandaconda | F44: Ground | H44: 72 | I44: 107 | J44: 125 | K44: 65 | L44: 70 | M44: 71 | N44: 46 | O44: Verified | P44: Fire Fang | Q44: =IFERROR(VLOOKUP(P44,MoveData[],3,FALSE),"") -> Fire | R44: =IFERROR(VLOOKUP(P44,MoveData[],4,FALSE),"") -> Physical | S44: 65 | T44: 95 | U44: Earth Power | V44: =IFERROR(VLOOKUP(U44,MoveData[],3,FALSE),"") -> Ground | W44: =IFERROR(VLOOKUP(U44,MoveData[],4,FALSE),"") -> Special | X44: 90 | Y44: 100 | Z44: Protect | AA44: =IFERROR(VLOOKUP(Z44,MoveData[],3,FALSE),"") -> Normal | AB44: =IFERROR(VLOOKUP(Z44,MoveData[],4,FALSE),"") -> Status | AC44: 0 | AD44: 100 | AE44: Glare | AF44: =IFERROR(VLOOKUP(AE44,MoveData[],3,FALSE),"") -> Normal | AG44: =IFERROR(VLOOKUP(AE44,MoveData[],4,FALSE),"") -> Status | AH44: 0 | AI44: 100 | AJ44: Sand Spit | AK44: Verified - Trainer specific
A45: Raihan | B45: Gym 8 | C45: 1 | D45: 4 | E45: Duraludon | F45: Steel | G45: Dragon | H45: 70 | I45: 95 | J45: 115 | K45: 120 | L45: 50 | M45: 85 | N45: 48 | O45: Verified | P45: G-Max Depletion | Q45: Dragon | R45: Physical | S45: 110 | T45: 100 | U45: Max Knuckle | V45: Fighting | W45: Physical | X45: 130 | Y45: 100 | Z45: Max Rockfall | AA45: Rock | AB45: Physical | AC45: 130 | AD45: 100 | AE45: Max Steelspike | AF45: Steel | AG45: Physical | AH45: 130 | AI45: 100 | AJ45: Light Metal | AK45: Verified - Trainer specific
A46: Rose | B46: Energy Plant | C46: 1 | D46: 1 | E46: Escavalier | F46: Bug | G46: Steel | H46: 70 | I46: 135 | J46: 105 | K46: 60 | L46: 105 | M46: 20 | N46: 55 | O46: Verified | P46: Drill Run | Q46: =IFERROR(VLOOKUP(P46,MoveData[],3,FALSE),"") -> Ground | R46: =IFERROR(VLOOKUP(P46,MoveData[],4,FALSE),"") -> Physical | S46: 80 | T46: 95 | U46: Iron Head | V46: =IFERROR(VLOOKUP(U46,MoveData[],3,FALSE),"") -> Steel | W46: =IFERROR(VLOOKUP(U46,MoveData[],4,FALSE),"") -> Physical | X46: 80 | Y46: 100 | Z46: Megahorn | AA46: =IFERROR(VLOOKUP(Z46,MoveData[],3,FALSE),"") -> Bug | AB46: =IFERROR(VLOOKUP(Z46,MoveData[],4,FALSE),"") -> Physical | AC46: 120 | AD46: 85 | AE46: Swords Dance | AF46: =IFERROR(VLOOKUP(AE46,MoveData[],3,FALSE),"") -> Normal | AG46: =IFERROR(VLOOKUP(AE46,MoveData[],4,FALSE),"") -> Status | AH46: 0 | AI46: 100 | AJ46: Swarm | AK46: Species default
A47: Rose | B47: Energy Plant | C47: 1 | D47: 2 | E47: Ferrothorn | F47: Grass | G47: Steel | H47: 74 | I47: 94 | J47: 131 | K47: 54 | L47: 116 | M47: 20 | N47: 55 | O47: Verified | P47: Gyro Ball | Q47: =IFERROR(VLOOKUP(P47,MoveData[],3,FALSE),"") -> Steel | R47: =IFERROR(VLOOKUP(P47,MoveData[],4,FALSE),"") -> Physical | S47: 0 | T47: 100 | U47: Power Whip | V47: =IFERROR(VLOOKUP(U47,MoveData[],3,FALSE),"") -> Grass | W47: =IFERROR(VLOOKUP(U47,MoveData[],4,FALSE),"") -> Physical | X47: 120 | Y47: 85 | Z47: Body Press | AA47: =IFERROR(VLOOKUP(Z47,MoveData[],3,FALSE),"") -> Fighting | AB47: =IFERROR(VLOOKUP(Z47,MoveData[],4,FALSE),"") -> Physical | AC47: 80 | AD47: 100 | AE47: Curse | AF47: =IFERROR(VLOOKUP(AE47,MoveData[],3,FALSE),"") -> Ghost | AG47: =IFERROR(VLOOKUP(AE47,MoveData[],4,FALSE),"") -> Status | AH47: 0 | AI47: 100 | AJ47: Iron Barbs | AK47: Species default
A48: Rose | B48: Energy Plant | C48: 1 | D48: 3 | E48: Perrserker | F48: Steel | H48: 70 | I48: 110 | J48: 100 | K48: 50 | L48: 60 | M48: 50 | N48: 55 | O48: Verified | P48: Iron Head | Q48: =IFERROR(VLOOKUP(P48,MoveData[],3,FALSE),"") -> Steel | R48: =IFERROR(VLOOKUP(P48,MoveData[],4,FALSE),"") -> Physical | S48: 80 | T48: 100 | U48: Shadow Claw | V48: =IFERROR(VLOOKUP(U48,MoveData[],3,FALSE),"") -> Ghost | W48: =IFERROR(VLOOKUP(U48,MoveData[],4,FALSE),"") -> Physical | X48: 70 | Y48: 100 | Z48: Throat Chop | AA48: =IFERROR(VLOOKUP(Z48,MoveData[],3,FALSE),"") -> Dark | AB48: =IFERROR(VLOOKUP(Z48,MoveData[],4,FALSE),"") -> Physical | AC48: 80 | AD48: 100 | AE48: Screech | AF48: =IFERROR(VLOOKUP(AE48,MoveData[],3,FALSE),"") -> Normal | AG48: =IFERROR(VLOOKUP(AE48,MoveData[],4,FALSE),"") -> Status | AH48: 0 | AI48: 85 | AJ48: Battle Armor | AK48: Verified - Trainer specific
A49: Rose | B49: Energy Plant | C49: 1 | D49: 4 | E49: Klinklang | F49: Steel | H49: 60 | I49: 100 | J49: 115 | K49: 70 | L49: 85 | M49: 90 | N49: 56 | O49: Verified | P49: Gear Grind | Q49: =IFERROR(VLOOKUP(P49,MoveData[],3,FALSE),"") -> Steel | R49: =IFERROR(VLOOKUP(P49,MoveData[],4,FALSE),"") -> Physical | S49: 50 | T49: 85 | U49: Wild Charge | V49: =IFERROR(VLOOKUP(U49,MoveData[],3,FALSE),"") -> Electric | W49: =IFERROR(VLOOKUP(U49,MoveData[],4,FALSE),"") -> Physical | X49: 90 | Y49: 100 | Z49: Assurance | AA49: =IFERROR(VLOOKUP(Z49,MoveData[],3,FALSE),"") -> Dark | AB49: =IFERROR(VLOOKUP(Z49,MoveData[],4,FALSE),"") -> Physical | AC49: 60 | AD49: 100 | AE49: Shift Gear | AF49: =IFERROR(VLOOKUP(AE49,MoveData[],3,FALSE),"") -> Steel | AG49: =IFERROR(VLOOKUP(AE49,MoveData[],4,FALSE),"") -> Status | AH49: 0 | AI49: 100 | AJ49: Plus | AK49: Species default
A50: Rose | B50: Energy Plant | C50: 1 | D50: 5 | E50: Copperajah | F50: Steel | H50: 122 | I50: 130 | J50: 69 | K50: 80 | L50: 69 | M50: 30 | N50: 57 | O50: Verified | P50: G-Max Steelsurge | Q50: Steel | R50: Physical | S50: 130 | T50: 100 | U50: G-Max Steelsurge | V50: Steel | W50: Physical | X50: 130 | Y50: 100 | Z50: Max Quake | AA50: Ground | AB50: Physical | AC50: 130 | AD50: 100 | AE50: Max Mindstorm | AF50: Psychic | AG50: Physical | AH50: 130 | AI50: 100 | AJ50: Sheer Force | AK50: Verified - Trainer specific
A51: Bea | B51: Wyndon Stadium | C51: 2 | D51: 1 | E51: Hawlucha | F51: Flying | G51: Fighting | H51: 78 | I51: 92 | J51: 75 | K51: 74 | L51: 63 | M51: 118 | N51: 52 | O51: Verified | P51: Flying Press | Q51: =IFERROR(VLOOKUP(P51,MoveData[],3,FALSE),"") -> Fighting | R51: =IFERROR(VLOOKUP(P51,MoveData[],4,FALSE),"") -> Physical | S51: 100 | T51: 95 | U51: High Jump Kick | V51: =IFERROR(VLOOKUP(U51,MoveData[],3,FALSE),"") -> Fighting | W51: =IFERROR(VLOOKUP(U51,MoveData[],4,FALSE),"") -> Physical | X51: 130 | Y51: 90 | Z51: Bounce | AA51: =IFERROR(VLOOKUP(Z51,MoveData[],3,FALSE),"") -> Flying | AB51: =IFERROR(VLOOKUP(Z51,MoveData[],4,FALSE),"") -> Physical | AC51: 85 | AD51: 85 | AF51: =IFERROR(VLOOKUP(AE51,MoveData[],3,FALSE),"") | AG51: =IFERROR(VLOOKUP(AE51,MoveData[],4,FALSE),"") | AH51: 0 | AI51: 100 | AJ51: Unburden | AK51: Verified - Trainer specific
A52: Bea | B52: Wyndon Stadium | C52: 2 | D52: 2 | E52: Grapploct | F52: Fighting | H52: 80 | I52: 118 | J52: 90 | K52: 70 | L52: 80 | M52: 42 | N52: 52 | O52: Verified | P52: Bind | Q52: =IFERROR(VLOOKUP(P52,MoveData[],3,FALSE),"") -> Normal | R52: =IFERROR(VLOOKUP(P52,MoveData[],4,FALSE),"") -> Physical | S52: 15 | T52: 85 | U52: Submission | V52: =IFERROR(VLOOKUP(U52,MoveData[],3,FALSE),"") -> Fighting | W52: =IFERROR(VLOOKUP(U52,MoveData[],4,FALSE),"") -> Physical | X52: 80 | Y52: 80 | Z52: Mega Punch | AA52: =IFERROR(VLOOKUP(Z52,MoveData[],3,FALSE),"") -> Normal | AB52: =IFERROR(VLOOKUP(Z52,MoveData[],4,FALSE),"") -> Physical | AC52: 80 | AD52: 85 | AE52: Octolock | AF52: =IFERROR(VLOOKUP(AE52,MoveData[],3,FALSE),"") -> Fighting | AG52: =IFERROR(VLOOKUP(AE52,MoveData[],4,FALSE),"") -> Status | AH52: 0 | AI52: 100 | AJ52: Limber | AK52: Species default
A53: Bea | B53: Wyndon Stadium | C53: 2 | D53: 3 | E53: Sirfetch'd | F53: Fighting | H53: 62 | I53: 135 | J53: 95 | K53: 68 | L53: 82 | M53: 65 | N53: 53 | O53: Verified | P53: Leaf Blade | Q53: =IFERROR(VLOOKUP(P53,MoveData[],3,FALSE),"") -> Grass | R53: =IFERROR(VLOOKUP(P53,MoveData[],4,FALSE),"") -> Physical | S53: 90 | T53: 100 | U53: Brick Break | V53: =IFERROR(VLOOKUP(U53,MoveData[],3,FALSE),"") -> Fighting | W53: =IFERROR(VLOOKUP(U53,MoveData[],4,FALSE),"") -> Physical | X53: 75 | Y53: 100 | Z53: Slam | AA53: =IFERROR(VLOOKUP(Z53,MoveData[],3,FALSE),"") -> Normal | AB53: =IFERROR(VLOOKUP(Z53,MoveData[],4,FALSE),"") -> Physical | AC53: 80 | AD53: 75 | AE53: Brutal Swing | AF53: =IFERROR(VLOOKUP(AE53,MoveData[],3,FALSE),"") -> Dark | AG53: =IFERROR(VLOOKUP(AE53,MoveData[],4,FALSE),"") -> Physical | AH53: 60 | AI53: 100 | AJ53: Scrappy | AK53: Verified - Trainer specific
A54: Bea | B54: Wyndon Stadium | C54: 2 | D54: 4 | E54: Falinks | F54: Fighting | H54: 65 | I54: 100 | J54: 100 | K54: 70 | L54: 60 | M54: 75 | N54: 53 | O54: Verified | P54: Close Combat | Q54: =IFERROR(VLOOKUP(P54,MoveData[],3,FALSE),"") -> Fighting | R54: =IFERROR(VLOOKUP(P54,MoveData[],4,FALSE),"") -> Physical | S54: 120 | T54: 100 | U54: Rock Tomb | V54: =IFERROR(VLOOKUP(U54,MoveData[],3,FALSE),"") -> Rock | W54: =IFERROR(VLOOKUP(U54,MoveData[],4,FALSE),"") -> Physical | X54: 60 | Y54: 95 | Z54: No Retreat | AA54: =IFERROR(VLOOKUP(Z54,MoveData[],3,FALSE),"") -> Fighting | AB54: =IFERROR(VLOOKUP(Z54,MoveData[],4,FALSE),"") -> Status | AC54: 0 | AD54: 100 | AE54: Bulk Up | AF54: =IFERROR(VLOOKUP(AE54,MoveData[],3,FALSE),"") -> Fighting | AG54: =IFERROR(VLOOKUP(AE54,MoveData[],4,FALSE),"") -> Status | AH54: 0 | AI54: 100 | AJ54: Battle Armor | AK54: Verified - Trainer specific
A55: Bea | B55: Wyndon Stadium | C55: 2 | D55: 5 | E55: Machamp | F55: Fighting | H55: 90 | I55: 130 | J55: 80 | K55: 65 | L55: 85 | M55: 55 | N55: 54 | O55: Verified | P55: G-Max Chi Strike | Q55: Fighting | R55: Physical | S55: 130 | T55: 100 | U55: G-Max Chi Strike | V55: Fighting | W55: Physical | X55: 140 | Y55: 100 | Z55: Max Flare | AA55: Fire | AB55: Physical | AC55: 130 | AD55: 100 | AE55: Max Strike | AF55: Normal | AG55: Physical | AH55: 130 | AI55: 100 | AJ55: Guts | AK55: Verified - Trainer specific
A56: Hop | B56: Route 2 | C56: 2 | D56: 1 | E56: Wooloo | F56: Normal | H56: 42 | I56: 40 | J56: 55 | K56: 40 | L56: 45 | M56: 48 | N56: 6 | O56: Verified | P56: Tackle | Q56: =IFERROR(VLOOKUP(P56,MoveData[],3,FALSE),"") -> Normal | R56: =IFERROR(VLOOKUP(P56,MoveData[],4,FALSE),"") -> Physical | S56: 40 | T56: 100 | U56: Growl | V56: =IFERROR(VLOOKUP(U56,MoveData[],3,FALSE),"") -> Normal | W56: =IFERROR(VLOOKUP(U56,MoveData[],4,FALSE),"") -> Status | X56: 0 | Y56: 100 | AA56: =IFERROR(VLOOKUP(Z56,MoveData[],3,FALSE),"") | AB56: =IFERROR(VLOOKUP(Z56,MoveData[],4,FALSE),"") | AC56: 0 | AD56: 100 | AF56: =IFERROR(VLOOKUP(AE56,MoveData[],3,FALSE),"") | AG56: =IFERROR(VLOOKUP(AE56,MoveData[],4,FALSE),"") | AH56: 0 | AI56: 100 | AJ56: Fluffy | AK56: Species default
A57: Hop | B57: Route 2 | C57: 2 | D57: 2 | E57: Rookidee | F57: Flying | H57: 38 | I57: 47 | J57: 35 | K57: 33 | L57: 35 | M57: 57 | N57: 5 | O57: Verified | P57: Peck | Q57: =IFERROR(VLOOKUP(P57,MoveData[],3,FALSE),"") -> Flying | R57: =IFERROR(VLOOKUP(P57,MoveData[],4,FALSE),"") -> Physical | S57: 35 | T57: 100 | U57: Leer | V57: =IFERROR(VLOOKUP(U57,MoveData[],3,FALSE),"") -> Normal | W57: =IFERROR(VLOOKUP(U57,MoveData[],4,FALSE),"") -> Status | X57: 0 | Y57: 100 | AA57: =IFERROR(VLOOKUP(Z57,MoveData[],3,FALSE),"") | AB57: =IFERROR(VLOOKUP(Z57,MoveData[],4,FALSE),"") | AC57: 0 | AD57: 100 | AF57: =IFERROR(VLOOKUP(AE57,MoveData[],3,FALSE),"") | AG57: =IFERROR(VLOOKUP(AE57,MoveData[],4,FALSE),"") | AH57: 0 | AI57: 100 | AJ57: Keen Eye | AK57: Species default
A58: Hop | B58: Route 2 | C58: 2 | D58: 3 | E58: Grookey | F58: Grass | H58: 50 | I58: 65 | J58: 50 | K58: 40 | L58: 40 | M58: 65 | N58: 8 | O58: Verified | P58: Scratch | Q58: =IFERROR(VLOOKUP(P58,MoveData[],3,FALSE),"") -> Normal | R58: =IFERROR(VLOOKUP(P58,MoveData[],4,FALSE),"") -> Physical | S58: 40 | T58: 100 | U58: Branch Poke | V58: =IFERROR(VLOOKUP(U58,MoveData[],3,FALSE),"") -> Grass | W58: =IFERROR(VLOOKUP(U58,MoveData[],4,FALSE),"") -> Physical | X58: 40 | Y58: 100 | Z58: Growl | AA58: =IFERROR(VLOOKUP(Z58,MoveData[],3,FALSE),"") -> Normal | AB58: =IFERROR(VLOOKUP(Z58,MoveData[],4,FALSE),"") -> Status | AC58: 0 | AD58: 100 | AF58: =IFERROR(VLOOKUP(AE58,MoveData[],3,FALSE),"") | AG58: =IFERROR(VLOOKUP(AE58,MoveData[],4,FALSE),"") | AH58: 0 | AI58: 100 | AJ58: Overgrow | AK58: Starter ability
A59: Marnie | B59: Route 9 | C59: 2 | D59: 1 | E59: Liepard | F59: Dark | H59: 64 | I59: 88 | J59: 50 | K59: 88 | L59: 50 | M59: 106 | N59: 42 | O59: Verified | P59: Fake Out | Q59: =IFERROR(VLOOKUP(P59,MoveData[],3,FALSE),"") -> Normal | R59: =IFERROR(VLOOKUP(P59,MoveData[],4,FALSE),"") -> Physical | S59: 40 | T59: 100 | U59: Sucker Punch | V59: =IFERROR(VLOOKUP(U59,MoveData[],3,FALSE),"") -> Dark | W59: =IFERROR(VLOOKUP(U59,MoveData[],4,FALSE),"") -> Physical | X59: 70 | Y59: 100 | Z59: Nasty Plot | AA59: =IFERROR(VLOOKUP(Z59,MoveData[],3,FALSE),"") -> Dark | AB59: =IFERROR(VLOOKUP(Z59,MoveData[],4,FALSE),"") -> Status | AC59: 0 | AD59: 100 | AE59: Torment | AF59: =IFERROR(VLOOKUP(AE59,MoveData[],3,FALSE),"") -> Dark | AG59: =IFERROR(VLOOKUP(AE59,MoveData[],4,FALSE),"") -> Status | AH59: 0 | AI59: 100 | AJ59: Limber | AK59: Verified - Trainer specific
A60: Marnie | B60: Route 9 | C60: 2 | D60: 2 | E60: Toxicroak | F60: Poison | G60: Fighting | H60: 83 | I60: 106 | J60: 65 | K60: 86 | L60: 65 | M60: 85 | N60: 43 | O60: Verified | P60: Poison Jab | Q60: =IFERROR(VLOOKUP(P60,MoveData[],3,FALSE),"") -> Poison | R60: =IFERROR(VLOOKUP(P60,MoveData[],4,FALSE),"") -> Physical | S60: 80 | T60: 100 | U60: Venoshock | V60: =IFERROR(VLOOKUP(U60,MoveData[],3,FALSE),"") -> Poison | W60: =IFERROR(VLOOKUP(U60,MoveData[],4,FALSE),"") -> Special | X60: 65 | Y60: 100 | Z60: Sucker Punch | AA60: =IFERROR(VLOOKUP(Z60,MoveData[],3,FALSE),"") -> Dark | AB60: =IFERROR(VLOOKUP(Z60,MoveData[],4,FALSE),"") -> Physical | AC60: 70 | AD60: 100 | AE60: Swagger | AF60: =IFERROR(VLOOKUP(AE60,MoveData[],3,FALSE),"") -> Normal | AG60: =IFERROR(VLOOKUP(AE60,MoveData[],4,FALSE),"") -> Status | AH60: 0 | AI60: 85 | AJ60: Dry Skin | AK60: Verified - Trainer specific
A61: Marnie | B61: Route 9 | C61: 2 | D61: 3 | E61: Scrafty | F61: Dark | G61: Fighting | H61: 65 | I61: 90 | J61: 115 | K61: 45 | L61: 115 | M61: 58 | N61: 43 | O61: Verified | P61: Brick Break | Q61: =IFERROR(VLOOKUP(P61,MoveData[],3,FALSE),"") -> Fighting | R61: =IFERROR(VLOOKUP(P61,MoveData[],4,FALSE),"") -> Physical | S61: 75 | T61: 100 | U61: Crunch | V61: =IFERROR(VLOOKUP(U61,MoveData[],3,FALSE),"") -> Dark | W61: =IFERROR(VLOOKUP(U61,MoveData[],4,FALSE),"") -> Physical | X61: 80 | Y61: 100 | Z61: Scary Face | AA61: =IFERROR(VLOOKUP(Z61,MoveData[],3,FALSE),"") -> Normal | AB61: =IFERROR(VLOOKUP(Z61,MoveData[],4,FALSE),"") -> Status | AC61: 0 | AD61: 100 | AE61: Scary Face | AF61: =IFERROR(VLOOKUP(AE61,MoveData[],3,FALSE),"") -> Normal | AG61: =IFERROR(VLOOKUP(AE61,MoveData[],4,FALSE),"") -> Status | AH61: 0 | AI61: 100 | AJ61: Moxie | AK61: Verified - Trainer specific
A62: Marnie | B62: Route 9 | C62: 2 | D62: 4 | E62: Morpeko | F62: Electric | G62: Dark | H62: 58 | I62: 95 | J62: 58 | K62: 70 | L62: 58 | M62: 97 | N62: 44 | O62: Verified | P62: Quick Attack | Q62: =IFERROR(VLOOKUP(P62,MoveData[],3,FALSE),"") -> Normal | R62: =IFERROR(VLOOKUP(P62,MoveData[],4,FALSE),"") -> Physical | S62: 40 | T62: 100 | U62: Spark | V62: =IFERROR(VLOOKUP(U62,MoveData[],3,FALSE),"") -> Electric | W62: =IFERROR(VLOOKUP(U62,MoveData[],4,FALSE),"") -> Physical | X62: 65 | Y62: 100 | Z62: Bite | AA62: =IFERROR(VLOOKUP(Z62,MoveData[],3,FALSE),"") -> Dark | AB62: =IFERROR(VLOOKUP(Z62,MoveData[],4,FALSE),"") -> Physical | AC62: 60 | AD62: 100 | AE62: Torment | AF62: =IFERROR(VLOOKUP(AE62,MoveData[],3,FALSE),"") -> Dark | AG62: =IFERROR(VLOOKUP(AE62,MoveData[],4,FALSE),"") -> Status | AH62: 0 | AI62: 100 | AJ62: Hunger Switch | AK62: Species only ability
A63: Nessa | B63: Wyndon Stadium | C63: 2 | D63: 1 | E63: Golisopod | F63: Bug | G63: Water | H63: 75 | I63: 125 | J63: 140 | K63: 60 | L63: 90 | M63: 40 | N63: 51 | O63: Verified | P63: First Impression | Q63: =IFERROR(VLOOKUP(P63,MoveData[],3,FALSE),"") -> Bug | R63: =IFERROR(VLOOKUP(P63,MoveData[],4,FALSE),"") -> Physical | S63: 90 | T63: 100 | U63: Liquidation | V63: =IFERROR(VLOOKUP(U63,MoveData[],3,FALSE),"") -> Water | W63: =IFERROR(VLOOKUP(U63,MoveData[],4,FALSE),"") -> Physical | X63: 85 | Y63: 100 | Z63: Swords Dance | AA63: =IFERROR(VLOOKUP(Z63,MoveData[],3,FALSE),"") -> Normal | AB63: =IFERROR(VLOOKUP(Z63,MoveData[],4,FALSE),"") -> Status | AC63: 0 | AD63: 100 | AE63: Shadow Claw | AF63: =IFERROR(VLOOKUP(AE63,MoveData[],3,FALSE),"") -> Ghost | AG63: =IFERROR(VLOOKUP(AE63,MoveData[],4,FALSE),"") -> Physical | AH63: 70 | AI63: 100 | AJ63: Emergency Exit | AK63: Species only ability
A64: Nessa | B64: Wyndon Stadium | C64: 2 | D64: 2 | E64: Seaking | F64: Water | H64: 80 | I64: 92 | J64: 65 | K64: 65 | L64: 80 | M64: 68 | N64: 52 | O64: Verified | P64: Smart Strike | Q64: =IFERROR(VLOOKUP(P64,MoveData[],3,FALSE),"") -> Steel | R64: =IFERROR(VLOOKUP(P64,MoveData[],4,FALSE),"") -> Physical | S64: 70 | T64: 100 | U64: Megahorn | V64: =IFERROR(VLOOKUP(U64,MoveData[],3,FALSE),"") -> Bug | W64: =IFERROR(VLOOKUP(U64,MoveData[],4,FALSE),"") -> Physical | X64: 120 | Y64: 85 | Z64: Aqua Ring | AA64: =IFERROR(VLOOKUP(Z64,MoveData[],3,FALSE),"") -> Water | AB64: =IFERROR(VLOOKUP(Z64,MoveData[],4,FALSE),"") -> Status | AC64: 0 | AD64: 100 | AE64: Waterfall | AF64: =IFERROR(VLOOKUP(AE64,MoveData[],3,FALSE),"") -> Water | AG64: =IFERROR(VLOOKUP(AE64,MoveData[],4,FALSE),"") -> Physical | AH64: 80 | AI64: 100 | AJ64: Swift Swim | AK64: Species default
A65: Nessa | B65: Wyndon Stadium | C65: 2 | D65: 3 | E65: Pelipper | F65: Water | G65: Flying | H65: 60 | I65: 50 | J65: 100 | K65: 95 | L65: 70 | M65: 65 | N65: 51 | O65: Verified | P65: Roost | Q65: =IFERROR(VLOOKUP(P65,MoveData[],3,FALSE),"") -> Flying | R65: =IFERROR(VLOOKUP(P65,MoveData[],4,FALSE),"") -> Status | S65: 0 | T65: 100 | U65: Tailwind | V65: =IFERROR(VLOOKUP(U65,MoveData[],3,FALSE),"") -> Flying | W65: =IFERROR(VLOOKUP(U65,MoveData[],4,FALSE),"") -> Status | X65: 0 | Y65: 100 | Z65: Water Pulse | AA65: =IFERROR(VLOOKUP(Z65,MoveData[],3,FALSE),"") -> Water | AB65: =IFERROR(VLOOKUP(Z65,MoveData[],4,FALSE),"") -> Special | AC65: 60 | AD65: 100 | AE65: Air Slash | AF65: =IFERROR(VLOOKUP(AE65,MoveData[],3,FALSE),"") -> Flying | AG65: =IFERROR(VLOOKUP(AE65,MoveData[],4,FALSE),"") -> Special | AH65: 75 | AI65: 95 | AJ65: Drizzle | AK65: Verified - Trainer specific
A66: Nessa | B66: Wyndon Stadium | C66: 2 | D66: 4 | E66: Barraskewda | F66: Water | H66: 61 | I66: 123 | J66: 60 | K66: 60 | L66: 50 | M66: 136 | N66: 52 | O66: Verified | P66: Liquidation | Q66: =IFERROR(VLOOKUP(P66,MoveData[],3,FALSE),"") -> Water | R66: =IFERROR(VLOOKUP(P66,MoveData[],4,FALSE),"") -> Physical | S66: 85 | T66: 100 | U66: Throat Chop | V66: =IFERROR(VLOOKUP(U66,MoveData[],3,FALSE),"") -> Dark | W66: =IFERROR(VLOOKUP(U66,MoveData[],4,FALSE),"") -> Physical | X66: 80 | Y66: 100 | Z66: Ice Fang | AA66: =IFERROR(VLOOKUP(Z66,MoveData[],3,FALSE),"") -> Ice | AB66: =IFERROR(VLOOKUP(Z66,MoveData[],4,FALSE),"") -> Physical | AC66: 65 | AD66: 95 | AE66: Drill Run | AF66: =IFERROR(VLOOKUP(AE66,MoveData[],3,FALSE),"") -> Ground | AG66: =IFERROR(VLOOKUP(AE66,MoveData[],4,FALSE),"") -> Physical | AH66: 80 | AI66: 95 | AJ66: Swift Swim | AK66: Species default
A67: Nessa | B67: Wyndon Stadium | C67: 2 | D67: 5 | E67: Drednaw | F67: Water | G67: Rock | H67: 90 | I67: 115 | J67: 90 | K67: 48 | L67: 68 | M67: 74 | N67: 53 | O67: Verified | P67: G-Max Stonesurge | Q67: Water | R67: Physical | S67: 130 | T67: 100 | U67: Max Darkness | V67: Dark | W67: Physical | X67: 130 | Y67: 100 | Z67: Max Darkness | AA67: Dark | AB67: Physical | AC67: 130 | AD67: 100 | AE67: Max Rockfall | AF67: Rock | AG67: Physical | AH67: 150 | AI67: 100 | AJ67: Swift Swim | AK67: Verified - Trainer specific
A68: Raihan | B68: Wyndon Stadium | C68: 2 | D68: 1 | E68: Torkoal | F68: Fire | H68: 70 | I68: 85 | J68: 140 | K68: 85 | L68: 70 | M68: 20 | N68: 53 | O68: Verified | P68: Lava Plume | Q68: =IFERROR(VLOOKUP(P68,MoveData[],3,FALSE),"") -> Fire | R68: =IFERROR(VLOOKUP(P68,MoveData[],4,FALSE),"") -> Special | S68: 80 | T68: 100 | U68: Solar Beam | V68: =IFERROR(VLOOKUP(U68,MoveData[],3,FALSE),"") -> Grass | W68: =IFERROR(VLOOKUP(U68,MoveData[],4,FALSE),"") -> Special | X68: 120 | Y68: 100 | Z68: Body Press | AA68: =IFERROR(VLOOKUP(Z68,MoveData[],3,FALSE),"") -> Fighting | AB68: =IFERROR(VLOOKUP(Z68,MoveData[],4,FALSE),"") -> Physical | AC68: 80 | AD68: 100 | AE68: Yawn | AF68: =IFERROR(VLOOKUP(AE68,MoveData[],3,FALSE),"") | AG68: =IFERROR(VLOOKUP(AE68,MoveData[],4,FALSE),"") | AH68: 0 | AI68: 100 | AJ68: Drought | AK68: Verified - Trainer specific
A69: Raihan | B69: Wyndon Stadium | C69: 2 | D69: 2 | E69: Goodra | F69: Dragon | H69: 90 | I69: 100 | J69: 70 | K69: 110 | L69: 150 | M69: 80 | N69: 54 | O69: Verified | P69: Thunder | Q69: =IFERROR(VLOOKUP(P69,MoveData[],3,FALSE),"") -> Electric | R69: =IFERROR(VLOOKUP(P69,MoveData[],4,FALSE),"") -> Special | S69: 110 | T69: 70 | U69: Surf | V69: =IFERROR(VLOOKUP(U69,MoveData[],3,FALSE),"") -> Water | W69: =IFERROR(VLOOKUP(U69,MoveData[],4,FALSE),"") -> Special | X69: 90 | Y69: 100 | Z69: Muddy Water | AA69: =IFERROR(VLOOKUP(Z69,MoveData[],3,FALSE),"") -> Water | AB69: =IFERROR(VLOOKUP(Z69,MoveData[],4,FALSE),"") -> Special | AC69: 90 | AD69: 85 | AE69: Rain Dance | AF69: =IFERROR(VLOOKUP(AE69,MoveData[],3,FALSE),"") -> Water | AG69: =IFERROR(VLOOKUP(AE69,MoveData[],4,FALSE),"") -> Status | AH69: 0 | AI69: 100 | AJ69: Sap Sipper | AK69: Verified - Trainer specific
A70: Raihan | B70: Wyndon Stadium | C70: 2 | D70: 3 | E70: Turtonator | F70: Fire | G70: Dragon | H70: 60 | I70: 78 | J70: 135 | K70: 91 | L70: 85 | M70: 36 | N70: 54 | O70: Verified | P70: Shell Trap | Q70: =IFERROR(VLOOKUP(P70,MoveData[],3,FALSE),"") -> Fire | R70: =IFERROR(VLOOKUP(P70,MoveData[],4,FALSE),"") -> Special | S70: 150 | T70: 100 | U70: Dragon Pulse | V70: =IFERROR(VLOOKUP(U70,MoveData[],3,FALSE),"") -> Dragon | W70: =IFERROR(VLOOKUP(U70,MoveData[],4,FALSE),"") -> Special | X70: 85 | Y70: 100 | Z70: Fire Blast | AA70: =IFERROR(VLOOKUP(Z70,MoveData[],3,FALSE),"") -> Fire | AB70: =IFERROR(VLOOKUP(Z70,MoveData[],4,FALSE),"") -> Special | AC70: 110 | AD70: 85 | AE70: Sunny Day | AF70: =IFERROR(VLOOKUP(AE70,MoveData[],3,FALSE),"") -> Fire | AG70: =IFERROR(VLOOKUP(AE70,MoveData[],4,FALSE),"") -> Status | AH70: 0 | AI70: 100 | AJ70: Shell Armor | AK70: Species default
A71: Raihan | B71: Wyndon Stadium | C71: 2 | D71: 4 | E71: Flygon | F71: Ground | G71: Dragon | H71: 80 | I71: 100 | J71: 80 | K71: 80 | L71: 80 | M71: 100 | N71: 54 | O71: Verified | P71: Dragon Claw | Q71: =IFERROR(VLOOKUP(P71,MoveData[],3,FALSE),"") -> Dragon | R71: =IFERROR(VLOOKUP(P71,MoveData[],4,FALSE),"") -> Physical | S71: 80 | T71: 100 | U71: Earthquake | V71: =IFERROR(VLOOKUP(U71,MoveData[],3,FALSE),"") -> Ground | W71: =IFERROR(VLOOKUP(U71,MoveData[],4,FALSE),"") -> Physical | X71: 100 | Y71: 100 | Z71: Crunch | AA71: =IFERROR(VLOOKUP(Z71,MoveData[],3,FALSE),"") -> Dark | AB71: =IFERROR(VLOOKUP(Z71,MoveData[],4,FALSE),"") -> Physical | AC71: 80 | AD71: 100 | AE71: Sandstorm | AF71: =IFERROR(VLOOKUP(AE71,MoveData[],3,FALSE),"") -> Rock | AG71: =IFERROR(VLOOKUP(AE71,MoveData[],4,FALSE),"") -> Status | AH71: 0 | AI71: 100 | AJ71: Levitate | AK71: Species only ability
A72: Raihan | B72: Wyndon Stadium | C72: 2 | D72: 5 | E72: Duraludon | F72: Steel | G72: Dragon | H72: 70 | I72: 95 | J72: 115 | K72: 120 | L72: 50 | M72: 85 | N72: 55 | O72: Verified | P72: G-Max Depletion | Q72: Dragon | R72: Physical | S72: 130 | T72: 100 | U72: Max Knuckle | V72: Fighting | W72: Physical | X72: 130 | Y72: 100 | Z72: Max Rockfall | AA72: Rock | AB72: Physical | AC72: 130 | AD72: 100 | AE72: Max Steelspike | AF72: Steel | AG72: Special | AH72: 130 | AI72: 100 | AJ72: Light Metal | AK72: Verified - Trainer specific
A73: Hop | B73: Motostoke | C73: 3 | D73: 1 | E73: Wooloo | F73: Normal | H73: 42 | I73: 40 | J73: 55 | K73: 40 | L73: 45 | M73: 48 | N73: 11 | O73: Verified | P73: Tackle | Q73: =IFERROR(VLOOKUP(P73,MoveData[],3,FALSE),"") -> Normal | R73: =IFERROR(VLOOKUP(P73,MoveData[],4,FALSE),"") -> Physical | S73: 40 | T73: 100 | U73: Growl | V73: =IFERROR(VLOOKUP(U73,MoveData[],3,FALSE),"") -> Normal | W73: =IFERROR(VLOOKUP(U73,MoveData[],4,FALSE),"") -> Status | X73: 0 | Y73: 100 | AA73: =IFERROR(VLOOKUP(Z73,MoveData[],3,FALSE),"") | AB73: =IFERROR(VLOOKUP(Z73,MoveData[],4,FALSE),"") | AC73: 0 | AD73: 100 | AF73: =IFERROR(VLOOKUP(AE73,MoveData[],3,FALSE),"") | AG73: =IFERROR(VLOOKUP(AE73,MoveData[],4,FALSE),"") | AH73: 0 | AI73: 100 | AJ73: Fluffy | AK73: Species default
A74: Hop | B74: Motostoke | C74: 3 | D74: 2 | E74: Rookidee | F74: Flying | H74: 38 | I74: 47 | J74: 35 | K74: 33 | L74: 35 | M74: 57 | N74: 12 | O74: Verified | P74: Peck | Q74: =IFERROR(VLOOKUP(P74,MoveData[],3,FALSE),"") -> Flying | R74: =IFERROR(VLOOKUP(P74,MoveData[],4,FALSE),"") -> Physical | S74: 35 | T74: 100 | U74: Leer | V74: =IFERROR(VLOOKUP(U74,MoveData[],3,FALSE),"") -> Normal | W74: =IFERROR(VLOOKUP(U74,MoveData[],4,FALSE),"") -> Status | X74: 0 | Y74: 100 | AA74: =IFERROR(VLOOKUP(Z74,MoveData[],3,FALSE),"") | AB74: =IFERROR(VLOOKUP(Z74,MoveData[],4,FALSE),"") | AC74: 0 | AD74: 100 | AF74: =IFERROR(VLOOKUP(AE74,MoveData[],3,FALSE),"") | AG74: =IFERROR(VLOOKUP(AE74,MoveData[],4,FALSE),"") | AH74: 0 | AI74: 100 | AJ74: Keen Eye | AK74: Species default
A75: Hop | B75: Motostoke | C75: 3 | D75: 3 | E75: Grookey | F75: Grass | H75: 50 | I75: 65 | J75: 50 | K75: 40 | L75: 40 | M75: 65 | N75: 14 | O75: Verified | P75: Scratch | Q75: =IFERROR(VLOOKUP(P75,MoveData[],3,FALSE),"") -> Normal | R75: =IFERROR(VLOOKUP(P75,MoveData[],4,FALSE),"") -> Physical | S75: 40 | T75: 100 | U75: Branch Poke | V75: =IFERROR(VLOOKUP(U75,MoveData[],3,FALSE),"") -> Grass | W75: =IFERROR(VLOOKUP(U75,MoveData[],4,FALSE),"") -> Physical | X75: 40 | Y75: 100 | Z75: Growl | AA75: =IFERROR(VLOOKUP(Z75,MoveData[],3,FALSE),"") -> Normal | AB75: =IFERROR(VLOOKUP(Z75,MoveData[],4,FALSE),"") -> Status | AC75: 0 | AD75: 100 | AE75: Taunt | AF75: =IFERROR(VLOOKUP(AE75,MoveData[],3,FALSE),"") | AG75: =IFERROR(VLOOKUP(AE75,MoveData[],4,FALSE),"") | AH75: 0 | AI75: 100 | AJ75: Overgrow | AK75: Starter ability
A76: Marnie | B76: Spikemuth | C76: 4 | D76: 1 | E76: Liepard | F76: Dark | H76: 64 | I76: 88 | J76: 50 | K76: 88 | L76: 50 | M76: 106 | N76: 59 | O76: Verified | P76: Fake Out | Q76: =IFERROR(VLOOKUP(P76,MoveData[],3,FALSE),"") -> Normal | R76: =IFERROR(VLOOKUP(P76,MoveData[],4,FALSE),"") -> Physical | S76: 40 | T76: 100 | U76: Snarl | V76: =IFERROR(VLOOKUP(U76,MoveData[],3,FALSE),"") -> Dark | W76: =IFERROR(VLOOKUP(U76,MoveData[],4,FALSE),"") -> Special | X76: 55 | Y76: 95 | Z76: Nasty Plot | AA76: =IFERROR(VLOOKUP(Z76,MoveData[],3,FALSE),"") -> Dark | AB76: =IFERROR(VLOOKUP(Z76,MoveData[],4,FALSE),"") -> Status | AC76: 0 | AD76: 100 | AE76: Torment | AF76: =IFERROR(VLOOKUP(AE76,MoveData[],3,FALSE),"") -> Dark | AG76: =IFERROR(VLOOKUP(AE76,MoveData[],4,FALSE),"") -> Status | AH76: 0 | AI76: 100 | AJ76: Limber | AK76: Verified - Trainer specific
A77: Marnie | B77: Spikemuth | C77: 4 | D77: 2 | E77: Toxicroak | F77: Poison | G77: Fighting | H77: 83 | I77: 106 | J77: 65 | K77: 86 | L77: 65 | M77: 85 | N77: 59 | O77: Verified | P77: Drain Punch | Q77: =IFERROR(VLOOKUP(P77,MoveData[],3,FALSE),"") -> Fighting | R77: =IFERROR(VLOOKUP(P77,MoveData[],4,FALSE),"") -> Physical | S77: 75 | T77: 100 | U77: Gunk Shot | V77: =IFERROR(VLOOKUP(U77,MoveData[],3,FALSE),"") -> Poison | W77: =IFERROR(VLOOKUP(U77,MoveData[],4,FALSE),"") -> Physical | X77: 120 | Y77: 80 | Z77: Earthquake | AA77: =IFERROR(VLOOKUP(Z77,MoveData[],3,FALSE),"") -> Ground | AB77: =IFERROR(VLOOKUP(Z77,MoveData[],4,FALSE),"") -> Physical | AC77: 100 | AD77: 100 | AE77: Poison Jab | AF77: =IFERROR(VLOOKUP(AE77,MoveData[],3,FALSE),"") -> Poison | AG77: =IFERROR(VLOOKUP(AE77,MoveData[],4,FALSE),"") -> Physical | AH77: 80 | AI77: 100 | AJ77: Dry Skin | AK77: Verified - Trainer specific
A78: Marnie | B78: Spikemuth | C78: 4 | D78: 3 | E78: Scrafty | F78: Dark | G78: Fighting | H78: 65 | I78: 90 | J78: 115 | K78: 45 | L78: 115 | M78: 58 | N78: 60 | O78: Verified | P78: Ice Punch | Q78: =IFERROR(VLOOKUP(P78,MoveData[],3,FALSE),"") -> Ice | R78: =IFERROR(VLOOKUP(P78,MoveData[],4,FALSE),"") -> Physical | S78: 75 | T78: 100 | U78: Thunder Punch | V78: =IFERROR(VLOOKUP(U78,MoveData[],3,FALSE),"") -> Electric | W78: =IFERROR(VLOOKUP(U78,MoveData[],4,FALSE),"") -> Physical | X78: 75 | Y78: 100 | Z78: Drain Punch | AA78: =IFERROR(VLOOKUP(Z78,MoveData[],3,FALSE),"") -> Fighting | AB78: =IFERROR(VLOOKUP(Z78,MoveData[],4,FALSE),"") -> Physical | AC78: 75 | AD78: 100 | AE78: Crunch | AF78: =IFERROR(VLOOKUP(AE78,MoveData[],3,FALSE),"") -> Dark | AG78: =IFERROR(VLOOKUP(AE78,MoveData[],4,FALSE),"") -> Physical | AH78: 80 | AI78: 100 | AJ78: Moxie | AK78: Verified - Trainer specific
A79: Marnie | B79: Spikemuth | C79: 4 | D79: 4 | E79: Morpeko | F79: Electric | G79: Dark | H79: 58 | I79: 95 | J79: 58 | K79: 70 | L79: 58 | M79: 97 | N79: 60 | O79: Verified | P79: Aura Wheel | Q79: =IFERROR(VLOOKUP(P79,MoveData[],3,FALSE),"") -> Electric | R79: =IFERROR(VLOOKUP(P79,MoveData[],4,FALSE),"") -> Physical | S79: 110 | T79: 100 | U79: Seed Bomb | V79: =IFERROR(VLOOKUP(U79,MoveData[],3,FALSE),"") -> Grass | W79: =IFERROR(VLOOKUP(U79,MoveData[],4,FALSE),"") -> Physical | X79: 80 | Y79: 100 | Z79: Quick Attack | AA79: =IFERROR(VLOOKUP(Z79,MoveData[],3,FALSE),"") -> Normal | AB79: =IFERROR(VLOOKUP(Z79,MoveData[],4,FALSE),"") -> Physical | AC79: 40 | AD79: 100 | AE79: Torment | AF79: =IFERROR(VLOOKUP(AE79,MoveData[],3,FALSE),"") -> Dark | AG79: =IFERROR(VLOOKUP(AE79,MoveData[],4,FALSE),"") -> Status | AH79: 0 | AI79: 100 | AJ79: Hunger Switch | AK79: Species only ability
A80: Marnie | B80: Spikemuth | C80: 4 | D80: 5 | E80: Grimmsnarl | F80: Dark | G80: Fairy | H80: 95 | I80: 120 | J80: 65 | K80: 95 | L80: 75 | M80: 60 | N80: 61 | O80: Verified | P80: Spirit Break | Q80: =IFERROR(VLOOKUP(P80,MoveData[],3,FALSE),"") -> Fairy | R80: =IFERROR(VLOOKUP(P80,MoveData[],4,FALSE),"") -> Physical | S80: 75 | T80: 100 | U80: Darkest Lariat | V80: =IFERROR(VLOOKUP(U80,MoveData[],3,FALSE),"") -> Dark | W80: =IFERROR(VLOOKUP(U80,MoveData[],4,FALSE),"") -> Physical | X80: 85 | Y80: 100 | Z80: Play Rough | AA80: =IFERROR(VLOOKUP(Z80,MoveData[],3,FALSE),"") -> Fairy | AB80: =IFERROR(VLOOKUP(Z80,MoveData[],4,FALSE),"") -> Physical | AC80: 90 | AD80: 90 | AE80: Bulk Up | AF80: =IFERROR(VLOOKUP(AE80,MoveData[],3,FALSE),"") -> Fighting | AG80: =IFERROR(VLOOKUP(AE80,MoveData[],4,FALSE),"") -> Status | AH80: 0 | AI80: 100 | AJ80: Prankster | AK80: Verified - Trainer specific
A81: Hop | B81: Route 5 | C81: 4 | D81: 1 | E81: Wooloo | F81: Normal | H81: 42 | I81: 40 | J81: 55 | K81: 40 | L81: 45 | M81: 48 | N81: 18 | O81: Verified | P81: Tackle | Q81: =IFERROR(VLOOKUP(P81,MoveData[],3,FALSE),"") -> Normal | R81: =IFERROR(VLOOKUP(P81,MoveData[],4,FALSE),"") -> Physical | S81: 40 | T81: 100 | U81: Double Kick | V81: =IFERROR(VLOOKUP(U81,MoveData[],3,FALSE),"") -> Fighting | W81: =IFERROR(VLOOKUP(U81,MoveData[],4,FALSE),"") -> Physical | X81: 30 | Y81: 100 | Z81: Defense Curl | AA81: =IFERROR(VLOOKUP(Z81,MoveData[],3,FALSE),"") -> Normal | AB81: =IFERROR(VLOOKUP(Z81,MoveData[],4,FALSE),"") -> Status | AC81: 0 | AD81: 100 | AE81: Growl | AF81: =IFERROR(VLOOKUP(AE81,MoveData[],3,FALSE),"") -> Normal | AG81: =IFERROR(VLOOKUP(AE81,MoveData[],4,FALSE),"") -> Status | AH81: 0 | AI81: 100 | AJ81: Fluffy | AK81: Species default
A82: Hop | B82: Route 5 | C82: 4 | D82: 2 | E82: Corvisquire | F82: Flying | H82: 68 | I82: 67 | J82: 55 | K82: 43 | L82: 55 | M82: 77 | N82: 19 | O82: Verified | P82: Peck | Q82: =IFERROR(VLOOKUP(P82,MoveData[],3,FALSE),"") -> Flying | R82: =IFERROR(VLOOKUP(P82,MoveData[],4,FALSE),"") -> Physical | S82: 35 | T82: 100 | U82: Pluck | V82: =IFERROR(VLOOKUP(U82,MoveData[],3,FALSE),"") -> Flying | W82: =IFERROR(VLOOKUP(U82,MoveData[],4,FALSE),"") -> Physical | X82: 60 | Y82: 100 | Z82: Fury Attack | AA82: =IFERROR(VLOOKUP(Z82,MoveData[],3,FALSE),"") -> Normal | AB82: =IFERROR(VLOOKUP(Z82,MoveData[],4,FALSE),"") -> Physical | AC82: 15 | AD82: 85 | AE82: Leer | AF82: =IFERROR(VLOOKUP(AE82,MoveData[],3,FALSE),"") -> Normal | AG82: =IFERROR(VLOOKUP(AE82,MoveData[],4,FALSE),"") -> Status | AH82: 0 | AI82: 100 | AJ82: Keen Eye | AK82: Species default
A83: Hop | B83: Route 5 | C83: 4 | D83: 3 | E83: Thwackey | F83: Grass | H83: 70 | I83: 85 | J83: 70 | K83: 55 | L83: 60 | M83: 80 | N83: 21 | O83: Verified | P83: Round | Q83: =IFERROR(VLOOKUP(P83,MoveData[],3,FALSE),"") -> Normal | R83: =IFERROR(VLOOKUP(P83,MoveData[],4,FALSE),"") -> Special | S83: 60 | T83: 100 | U83: Double Hit | V83: =IFERROR(VLOOKUP(U83,MoveData[],3,FALSE),"") -> Normal | W83: =IFERROR(VLOOKUP(U83,MoveData[],4,FALSE),"") -> Physical | X83: 35 | Y83: 90 | Z83: Razor Leaf | AA83: =IFERROR(VLOOKUP(Z83,MoveData[],3,FALSE),"") -> Grass | AB83: =IFERROR(VLOOKUP(Z83,MoveData[],4,FALSE),"") -> Physical | AC83: 55 | AD83: 95 | AE83: Screech | AF83: =IFERROR(VLOOKUP(AE83,MoveData[],3,FALSE),"") -> Normal | AG83: =IFERROR(VLOOKUP(AE83,MoveData[],4,FALSE),"") -> Status | AH83: 0 | AI83: 85 | AJ83: Overgrow | AK83: Starter ability
A84: Marnie | B84: Wyndon Stadium | C84: 3 | D84: 1 | E84: Liepard | F84: Dark | H84: 64 | I84: 88 | J84: 50 | K84: 88 | L84: 50 | M84: 106 | N84: 47 | O84: Verified | P84: Fake Out | Q84: =IFERROR(VLOOKUP(P84,MoveData[],3,FALSE),"") -> Normal | R84: =IFERROR(VLOOKUP(P84,MoveData[],4,FALSE),"") -> Physical | S84: 40 | T84: 100 | U84: Snarl | V84: =IFERROR(VLOOKUP(U84,MoveData[],3,FALSE),"") -> Dark | W84: =IFERROR(VLOOKUP(U84,MoveData[],4,FALSE),"") -> Special | X84: 55 | Y84: 95 | Z84: Nasty Plot | AA84: =IFERROR(VLOOKUP(Z84,MoveData[],3,FALSE),"") -> Dark | AB84: =IFERROR(VLOOKUP(Z84,MoveData[],4,FALSE),"") -> Status | AC84: 0 | AD84: 100 | AE84: Torment | AF84: =IFERROR(VLOOKUP(AE84,MoveData[],3,FALSE),"") -> Dark | AG84: =IFERROR(VLOOKUP(AE84,MoveData[],4,FALSE),"") -> Status | AH84: 0 | AI84: 100 | AJ84: Limber | AK84: Verified - Trainer specific
A85: Marnie | B85: Wyndon Stadium | C85: 3 | D85: 2 | E85: Toxicroak | F85: Poison | G85: Fighting | H85: 83 | I85: 106 | J85: 65 | K85: 86 | L85: 65 | M85: 85 | N85: 47 | O85: Verified | P85: Venoshock | Q85: =IFERROR(VLOOKUP(P85,MoveData[],3,FALSE),"") -> Poison | R85: =IFERROR(VLOOKUP(P85,MoveData[],4,FALSE),"") -> Special | S85: 65 | T85: 100 | U85: Sucker Punch | V85: =IFERROR(VLOOKUP(U85,MoveData[],3,FALSE),"") -> Dark | W85: =IFERROR(VLOOKUP(U85,MoveData[],4,FALSE),"") -> Physical | X85: 70 | Y85: 100 | Z85: Toxic | AA85: =IFERROR(VLOOKUP(Z85,MoveData[],3,FALSE),"") -> Poison | AB85: =IFERROR(VLOOKUP(Z85,MoveData[],4,FALSE),"") -> Status | AC85: 0 | AD85: 90 | AE85: Swagger | AF85: =IFERROR(VLOOKUP(AE85,MoveData[],3,FALSE),"") -> Normal | AG85: =IFERROR(VLOOKUP(AE85,MoveData[],4,FALSE),"") -> Status | AH85: 0 | AI85: 85 | AJ85: Dry Skin | AK85: Verified - Trainer specific
A86: Marnie | B86: Wyndon Stadium | C86: 3 | D86: 3 | E86: Scrafty | F86: Dark | G86: Fighting | H86: 65 | I86: 90 | J86: 115 | K86: 45 | L86: 115 | M86: 58 | N86: 48 | O86: Verified | P86: Brick Break | Q86: =IFERROR(VLOOKUP(P86,MoveData[],3,FALSE),"") -> Fighting | R86: =IFERROR(VLOOKUP(P86,MoveData[],4,FALSE),"") -> Physical | S86: 75 | T86: 100 | U86: Crunch | V86: =IFERROR(VLOOKUP(U86,MoveData[],3,FALSE),"") -> Dark | W86: =IFERROR(VLOOKUP(U86,MoveData[],4,FALSE),"") -> Physical | X86: 80 | Y86: 100 | Z86: Swagger | AA86: =IFERROR(VLOOKUP(Z86,MoveData[],3,FALSE),"") -> Normal | AB86: =IFERROR(VLOOKUP(Z86,MoveData[],4,FALSE),"") -> Status | AC86: 0 | AD86: 85 | AE86: Scary Face | AF86: =IFERROR(VLOOKUP(AE86,MoveData[],3,FALSE),"") -> Normal | AG86: =IFERROR(VLOOKUP(AE86,MoveData[],4,FALSE),"") -> Status | AH86: 0 | AI86: 100 | AJ86: Moxie | AK86: Verified - Trainer specific
A87: Marnie | B87: Wyndon Stadium | C87: 3 | D87: 4 | E87: Morpeko | F87: Electric | G87: Dark | H87: 58 | I87: 95 | J87: 58 | K87: 70 | L87: 58 | M87: 97 | N87: 48 | O87: Verified | P87: Bullet Seed | Q87: =IFERROR(VLOOKUP(P87,MoveData[],3,FALSE),"") -> Grass | R87: =IFERROR(VLOOKUP(P87,MoveData[],4,FALSE),"") -> Physical | S87: 25 | T87: 100 | U87: Spark | V87: =IFERROR(VLOOKUP(U87,MoveData[],3,FALSE),"") -> Electric | W87: =IFERROR(VLOOKUP(U87,MoveData[],4,FALSE),"") -> Physical | X87: 65 | Y87: 100 | Z87: Bite | AA87: =IFERROR(VLOOKUP(Z87,MoveData[],3,FALSE),"") -> Dark | AB87: =IFERROR(VLOOKUP(Z87,MoveData[],4,FALSE),"") -> Physical | AC87: 60 | AD87: 100 | AE87: Torment | AF87: =IFERROR(VLOOKUP(AE87,MoveData[],3,FALSE),"") -> Dark | AG87: =IFERROR(VLOOKUP(AE87,MoveData[],4,FALSE),"") -> Status | AH87: 0 | AI87: 100 | AJ87: Hunger Switch | AK87: Species only ability
A88: Marnie | B88: Wyndon Stadium | C88: 3 | D88: 5 | E88: Grimmsnarl | F88: Dark | G88: Fairy | H88: 95 | I88: 120 | J88: 65 | K88: 95 | L88: 75 | M88: 60 | N88: 49 | O88: Verified | P88: Max Starfall | Q88: Fairy | R88: Physical | S88: 130 | T88: 100 | U88: G-Max Snooze | V88: Dark | W88: Physical | X88: 130 | Y88: 100 | Z88: Max Guard | AA88: =IFERROR(VLOOKUP(Z88,MoveData[],3,FALSE),"") -> Normal | AB88: =IFERROR(VLOOKUP(Z88,MoveData[],4,FALSE),"") -> Status | AC88: 0 | AD88: 100 | AE88: Torment | AF88: =IFERROR(VLOOKUP(AE88,MoveData[],3,FALSE),"") -> Dark | AG88: =IFERROR(VLOOKUP(AE88,MoveData[],4,FALSE),"") -> Status | AH88: 0 | AI88: 100 | AJ88: Prankster | AK88: Verified - Trainer specific
A89: Hop | B89: Stow-on-Side | C89: 5 | D89: 1 | E89: Cramorant | F89: Flying | G89: Water | H89: 70 | I89: 85 | J89: 55 | K89: 85 | L89: 95 | M89: 85 | N89: 29 | O89: Verified | P89: Dive | Q89: =IFERROR(VLOOKUP(P89,MoveData[],3,FALSE),"") -> Water | R89: =IFERROR(VLOOKUP(P89,MoveData[],4,FALSE),"") -> Physical | S89: 80 | T89: 100 | U89: Fury Attack | V89: =IFERROR(VLOOKUP(U89,MoveData[],3,FALSE),"") -> Normal | W89: =IFERROR(VLOOKUP(U89,MoveData[],4,FALSE),"") -> Physical | X89: 15 | Y89: 85 | Z89: Pluck | AA89: =IFERROR(VLOOKUP(Z89,MoveData[],3,FALSE),"") -> Flying | AB89: =IFERROR(VLOOKUP(Z89,MoveData[],4,FALSE),"") -> Physical | AC89: 60 | AD89: 100 | AF89: =IFERROR(VLOOKUP(AE89,MoveData[],3,FALSE),"") | AG89: =IFERROR(VLOOKUP(AE89,MoveData[],4,FALSE),"") | AH89: 0 | AI89: 100 | AJ89: Gulp Missile | AK89: Species only ability
A90: Hop | B90: Stow-on-Side | C90: 5 | D90: 2 | E90: Silicobra | F90: Ground | H90: 52 | I90: 57 | J90: 75 | K90: 35 | L90: 50 | M90: 46 | N90: 30 | O90: Verified | P90: Dig | Q90: =IFERROR(VLOOKUP(P90,MoveData[],3,FALSE),"") -> Ground | R90: =IFERROR(VLOOKUP(P90,MoveData[],4,FALSE),"") -> Physical | S90: 80 | T90: 100 | U90: Brutal Swing | V90: =IFERROR(VLOOKUP(U90,MoveData[],3,FALSE),"") -> Dark | W90: =IFERROR(VLOOKUP(U90,MoveData[],4,FALSE),"") -> Physical | X90: 60 | Y90: 100 | Z90: Glare | AA90: =IFERROR(VLOOKUP(Z90,MoveData[],3,FALSE),"") -> Normal | AB90: =IFERROR(VLOOKUP(Z90,MoveData[],4,FALSE),"") -> Status | AC90: 0 | AD90: 100 | AF90: =IFERROR(VLOOKUP(AE90,MoveData[],3,FALSE),"") | AG90: =IFERROR(VLOOKUP(AE90,MoveData[],4,FALSE),"") | AH90: 0 | AI90: 100 | AJ90: Sand Spit | AK90: Species default
A91: Hop | B91: Stow-on-Side | C91: 5 | D91: 3 | E91: Toxel | F91: Poison | G91: Electric | H91: 40 | I91: 38 | J91: 35 | K91: 54 | L91: 35 | M91: 40 | N91: 29 | O91: Verified | P91: Nuzzle | Q91: =IFERROR(VLOOKUP(P91,MoveData[],3,FALSE),"") -> Electric | R91: =IFERROR(VLOOKUP(P91,MoveData[],4,FALSE),"") -> Physical | S91: 20 | T91: 100 | U91: Acid | V91: =IFERROR(VLOOKUP(U91,MoveData[],3,FALSE),"") -> Poison | W91: =IFERROR(VLOOKUP(U91,MoveData[],4,FALSE),"") -> Special | X91: 40 | Y91: 100 | Z91: Flail | AA91: =IFERROR(VLOOKUP(Z91,MoveData[],3,FALSE),"") -> Normal | AB91: =IFERROR(VLOOKUP(Z91,MoveData[],4,FALSE),"") -> Physical | AC91: 0 | AD91: 100 | AE91: Tearful Look | AF91: =IFERROR(VLOOKUP(AE91,MoveData[],3,FALSE),"") -> Normal | AG91: =IFERROR(VLOOKUP(AE91,MoveData[],4,FALSE),"") -> Status | AH91: 0 | AI91: 100 | AJ91: Rattled | AK91: Species default
A92: Hop | B92: Stow-on-Side | C92: 5 | D92: 4 | E92: Thwackey | F92: Grass | H92: 70 | I92: 85 | J92: 70 | K92: 55 | L92: 60 | M92: 80 | N92: 33 | O92: Verified | P92: Knock Off | Q92: =IFERROR(VLOOKUP(P92,MoveData[],3,FALSE),"") -> Dark | R92: =IFERROR(VLOOKUP(P92,MoveData[],4,FALSE),"") -> Physical | S92: 65 | T92: 100 | U92: Razor Leaf | V92: =IFERROR(VLOOKUP(U92,MoveData[],3,FALSE),"") -> Grass | W92: =IFERROR(VLOOKUP(U92,MoveData[],4,FALSE),"") -> Physical | X92: 55 | Y92: 95 | Z92: Round | AA92: =IFERROR(VLOOKUP(Z92,MoveData[],3,FALSE),"") -> Normal | AB92: =IFERROR(VLOOKUP(Z92,MoveData[],4,FALSE),"") -> Special | AC92: 60 | AD92: 100 | AE92: Screech | AF92: =IFERROR(VLOOKUP(AE92,MoveData[],3,FALSE),"") -> Normal | AG92: =IFERROR(VLOOKUP(AE92,MoveData[],4,FALSE),"") -> Status | AH92: 0 | AI92: 85 | AJ92: Overgrow | AK92: Starter ability
A93: Hop | B93: Circhester | C93: 7 | D93: 1 | E93: Dubwool | F93: Normal | H93: 72 | I93: 80 | J93: 100 | K93: 60 | L93: 90 | M93: 88 | N93: 40 | O93: Verified | P93: Double Kick | Q93: =IFERROR(VLOOKUP(P93,MoveData[],3,FALSE),"") -> Fighting | R93: =IFERROR(VLOOKUP(P93,MoveData[],4,FALSE),"") -> Physical | S93: 30 | T93: 100 | U93: Take Down | V93: =IFERROR(VLOOKUP(U93,MoveData[],3,FALSE),"") -> Normal | W93: =IFERROR(VLOOKUP(U93,MoveData[],4,FALSE),"") -> Physical | X93: 90 | Y93: 85 | Z93: Defense Curl | AA93: =IFERROR(VLOOKUP(Z93,MoveData[],3,FALSE),"") -> Normal | AB93: =IFERROR(VLOOKUP(Z93,MoveData[],4,FALSE),"") -> Status | AC93: 0 | AD93: 100 | AE93: Growl | AF93: =IFERROR(VLOOKUP(AE93,MoveData[],3,FALSE),"") -> Normal | AG93: =IFERROR(VLOOKUP(AE93,MoveData[],4,FALSE),"") -> Status | AH93: 0 | AI93: 100 | AJ93: Fluffy | AK93: Species default
A94: Hop | B94: Circhester | C94: 7 | D94: 2 | E94: Corviknight | F94: Flying | G94: Steel | H94: 98 | I94: 87 | J94: 105 | K94: 53 | L94: 85 | M94: 67 | N94: 40 | O94: Verified | P94: Fury Attack | Q94: =IFERROR(VLOOKUP(P94,MoveData[],3,FALSE),"") -> Normal | R94: =IFERROR(VLOOKUP(P94,MoveData[],4,FALSE),"") -> Physical | S94: 15 | T94: 85 | U94: Pluck | V94: =IFERROR(VLOOKUP(U94,MoveData[],3,FALSE),"") -> Flying | W94: =IFERROR(VLOOKUP(U94,MoveData[],4,FALSE),"") -> Physical | X94: 60 | Y94: 100 | Z94: Drill Peck | AA94: =IFERROR(VLOOKUP(Z94,MoveData[],3,FALSE),"") -> Flying | AB94: =IFERROR(VLOOKUP(Z94,MoveData[],4,FALSE),"") -> Physical | AC94: 80 | AD94: 100 | AE94: Scary Face | AF94: =IFERROR(VLOOKUP(AE94,MoveData[],3,FALSE),"") -> Normal | AG94: =IFERROR(VLOOKUP(AE94,MoveData[],4,FALSE),"") -> Status | AH94: 0 | AI94: 100 | AJ94: Pressure | AK94: Species default
A95: Hop | B95: Circhester | C95: 7 | D95: 3 | E95: Pincurchin | F95: Electric | H95: 48 | I95: 101 | J95: 95 | K95: 91 | L95: 85 | M95: 15 | N95: 39 | O95: Verified | P95: Spark | Q95: =IFERROR(VLOOKUP(P95,MoveData[],3,FALSE),"") -> Electric | R95: =IFERROR(VLOOKUP(P95,MoveData[],4,FALSE),"") -> Physical | S95: 65 | T95: 100 | U95: Bubble Beam | V95: =IFERROR(VLOOKUP(U95,MoveData[],3,FALSE),"") -> Water | W95: =IFERROR(VLOOKUP(U95,MoveData[],4,FALSE),"") -> Special | X95: 65 | Y95: 100 | Z95: Curse | AA95: =IFERROR(VLOOKUP(Z95,MoveData[],3,FALSE),"") -> Ghost | AB95: =IFERROR(VLOOKUP(Z95,MoveData[],4,FALSE),"") -> Status | AC95: 0 | AD95: 100 | AF95: =IFERROR(VLOOKUP(AE95,MoveData[],3,FALSE),"") | AG95: =IFERROR(VLOOKUP(AE95,MoveData[],4,FALSE),"") | AH95: 0 | AI95: 100 | AJ95: Lightning Rod | AK95: Species default
A96: Hop | B96: Circhester | C96: 7 | D96: 4 | E96: Snorlax | F96: Normal | H96: 160 | I96: 110 | J96: 65 | K96: 65 | L96: 110 | M96: 30 | N96: 39 | O96: Verified | P96: Crunch | Q96: =IFERROR(VLOOKUP(P96,MoveData[],3,FALSE),"") -> Dark | R96: =IFERROR(VLOOKUP(P96,MoveData[],4,FALSE),"") -> Physical | S96: 80 | T96: 100 | U96: Heavy Slam | V96: =IFERROR(VLOOKUP(U96,MoveData[],3,FALSE),"") -> Steel | W96: =IFERROR(VLOOKUP(U96,MoveData[],4,FALSE),"") -> Physical | X96: 0 | Y96: 100 | Z96: Body Slam | AA96: =IFERROR(VLOOKUP(Z96,MoveData[],3,FALSE),"") -> Normal | AB96: =IFERROR(VLOOKUP(Z96,MoveData[],4,FALSE),"") -> Physical | AC96: 85 | AD96: 100 | AF96: =IFERROR(VLOOKUP(AE96,MoveData[],3,FALSE),"") | AG96: =IFERROR(VLOOKUP(AE96,MoveData[],4,FALSE),"") | AH96: 0 | AI96: 100 | AJ96: Immunity | AK96: Species default
A97: Hop | B97: Circhester | C97: 7 | D97: 5 | E97: Rillaboom | F97: Grass | H97: 100 | I97: 125 | J97: 90 | K97: 60 | L97: 70 | M97: 85 | N97: 41 | O97: Verified | P97: Double Hit | Q97: =IFERROR(VLOOKUP(P97,MoveData[],3,FALSE),"") -> Normal | R97: =IFERROR(VLOOKUP(P97,MoveData[],4,FALSE),"") -> Physical | S97: 35 | T97: 90 | U97: Knock Off | V97: =IFERROR(VLOOKUP(U97,MoveData[],3,FALSE),"") -> Dark | W97: =IFERROR(VLOOKUP(U97,MoveData[],4,FALSE),"") -> Physical | X97: 65 | Y97: 100 | Z97: Drum Beating | AA97: =IFERROR(VLOOKUP(Z97,MoveData[],3,FALSE),"") -> Grass | AB97: =IFERROR(VLOOKUP(Z97,MoveData[],4,FALSE),"") -> Physical | AC97: 80 | AD97: 100 | AE97: Brick Break | AF97: =IFERROR(VLOOKUP(AE97,MoveData[],3,FALSE),"") -> Fighting | AG97: =IFERROR(VLOOKUP(AE97,MoveData[],4,FALSE),"") -> Physical | AH97: 75 | AI97: 100 | AJ97: Overgrow | AK97: Starter ability
A98: Hop | B98: Route 7 | C98: 6 | D98: 1 | E98: Trevenant | F98: Grass | G98: Ghost | H98: 85 | I98: 110 | J98: 76 | K98: 65 | L98: 82 | M98: 56 | N98: 34 | O98: Verified | P98: Horn Leech | Q98: =IFERROR(VLOOKUP(P98,MoveData[],3,FALSE),"") -> Grass | R98: =IFERROR(VLOOKUP(P98,MoveData[],4,FALSE),"") -> Physical | S98: 75 | T98: 100 | U98: Shadow Claw | V98: =IFERROR(VLOOKUP(U98,MoveData[],3,FALSE),"") -> Ghost | W98: =IFERROR(VLOOKUP(U98,MoveData[],4,FALSE),"") -> Physical | X98: 70 | Y98: 100 | Z98: Confuse Ray | AA98: =IFERROR(VLOOKUP(Z98,MoveData[],3,FALSE),"") -> Ghost | AB98: =IFERROR(VLOOKUP(Z98,MoveData[],4,FALSE),"") -> Status | AC98: 0 | AD98: 100 | AF98: =IFERROR(VLOOKUP(AE98,MoveData[],3,FALSE),"") | AG98: =IFERROR(VLOOKUP(AE98,MoveData[],4,FALSE),"") | AH98: 0 | AI98: 100 | AJ98: Natural Cure | AK98: Species default
A99: Hop | B99: Route 7 | C99: 6 | D99: 2 | E99: Heatmor | F99: Fire | H99: 85 | I99: 97 | J99: 66 | K99: 105 | L99: 66 | M99: 65 | N99: 34 | O99: Verified | P99: Fire Lash | Q99: =IFERROR(VLOOKUP(P99,MoveData[],3,FALSE),"") -> Fire | R99: =IFERROR(VLOOKUP(P99,MoveData[],4,FALSE),"") -> Physical | S99: 80 | T99: 100 | U99: Bug Bite | V99: =IFERROR(VLOOKUP(U99,MoveData[],3,FALSE),"") -> Bug | W99: =IFERROR(VLOOKUP(U99,MoveData[],4,FALSE),"") -> Physical | X99: 60 | Y99: 100 | Z99: Slash | AA99: =IFERROR(VLOOKUP(Z99,MoveData[],3,FALSE),"") -> Normal | AB99: =IFERROR(VLOOKUP(Z99,MoveData[],4,FALSE),"") -> Physical | AC99: 70 | AD99: 100 | AE99: Lick | AF99: =IFERROR(VLOOKUP(AE99,MoveData[],3,FALSE),"") -> Ghost | AG99: =IFERROR(VLOOKUP(AE99,MoveData[],4,FALSE),"") -> Physical | AH99: 30 | AI99: 100 | AJ99: Flash Fire | AK99: Species default
A100: Hop | B100: Route 7 | C100: 6 | D100: 3 | E100: Snorlax | F100: Normal | H100: 160 | I100: 110 | J100: 65 | K100: 65 | L100: 110 | M100: 30 | N100: 35 | O100: Verified | P100: Body Slam | Q100: =IFERROR(VLOOKUP(P100,MoveData[],3,FALSE),"") -> Normal | R100: =IFERROR(VLOOKUP(P100,MoveData[],4,FALSE),"") -> Physical | S100: 85 | T100: 100 | U100: Heavy Slam | V100: =IFERROR(VLOOKUP(U100,MoveData[],3,FALSE),"") -> Steel | W100: =IFERROR(VLOOKUP(U100,MoveData[],4,FALSE),"") -> Physical | X100: 0 | Y100: 100 | Z100: Stockpile | AA100: =IFERROR(VLOOKUP(Z100,MoveData[],3,FALSE),"") -> Normal | AB100: =IFERROR(VLOOKUP(Z100,MoveData[],4,FALSE),"") -> Status | AC100: 0 | AD100: 100 | AF100: =IFERROR(VLOOKUP(AE100,MoveData[],3,FALSE),"") | AG100: =IFERROR(VLOOKUP(AE100,MoveData[],4,FALSE),"") | AH100: 0 | AI100: 100 | AJ100: Immunity | AK100: Species default
...

Sheet Compass
A1: Click cell B2, B3, and B4 in order and choose an answer for each. | N1: Opponent Type 1 | O1: Opponent Type 2
A2: Who are you battling? | B2: Nessa | N2: {=_xlfn.XLOOKUP(1,(Opponent[Trainer]=$B$2)*(Opponent[Battle]=$B$3)*(Opponent[Pokemon]=$B$4),Opponent[Type1])} -> Bug | O2: {=_xlfn.XLOOKUP(1,(Opponent[Trainer]=$B$2)*(Opponent[Battle]=$B$3)*(Opponent[Pokemon]=$B$4),Opponent[Type2])} -> Water
A3: Which battle is it? | B3: Wyndon Stadium
A4: Which opponent is out? | B4: Golisopod | C4: {=IFERROR("Lv. "&INDEX(Opponent[Level],MATCH(1,(Opponent[Trainer]=$B$2)*(Opponent[Battle]=$B$3)*(Opponent[Pokemon]=$B$4),0)),"")} -> Lv. 51
A5: (Note: Be sure to select the correct value for all 3 questions above)
A7: Suggested Pokemon: | B7: {=_xlfn.LET( _xlpm.names, A10:A15, _xlpm.ratios, G10:G15, _xlpm.bestMoveScores, FU10:FU15, _xlpm.hasAbilityImmunity, CH10:CH15, _xlpm.hasTypeImmunity, CI10:CI15, _xlpm.immunityHelps, CU10:CU15, _xlpm.maxRatio, MAX(_xlpm.ratios), _xlpm.hasMaxRatio, (_xlpm.ratios=_xlpm.maxRatio), _xlpm.hasRelevantImmunity, (((_xlpm.hasAbilityImmunity=1)+(_xlpm.hasTypeImmunity=1))>0)*(_xlpm.immunityHelps=1), _xlpm.maxRatioWithImmunity, _xlpm.hasMaxRatio * _xlpm.hasRelevantImmunity, _xlpm.anyImmunityInMaxRatio, MAX(_xlpm.maxRatioWithImmunity)>0, _xlpm.candidateFilter, IF(_xlpm.anyImmunityInMaxRatio, _xlpm.maxRatioWithImmunity, _xlpm.hasMaxRatio), _xlpm.candidateScores, IF(_xlpm.candidateFilter, _xlpm.bestMoveScores, 0), _xlpm.maxScore, MAX(_xlpm.candidateScores), INDEX(_xlpm.names, MATCH(1, (_xlpm.candidateFilter)*(_xlpm.candidateScores=_xlpm.maxScore), 0)) )} -> Raichu | C7: Why? | D7: {=IF(SUMPRODUCT((A10:A15<>"")*1)<=1, "Only Pokemon available", _xlfn.LET( _xlpm.recPokemon, B7, _xlpm.recRow, MATCH(_xlpm.recPokemon, A10:A15, 0) + 9, _xlpm.recRatio, INDEX(G10:G15, _xlpm.recRow - 9), _xlpm.recIncoming, INDEX(FV10:FV15, _xlpm.recRow - 9), _xlpm.recAbility, INDEX(BB10:BB15, _xlpm.recRow - 9), _xlpm.hasAbilityImmunity, INDEX(CH10:CH15, _xlpm.recRow - 9), _xlpm.hasTypeImmunity, INDEX(CI10:CI15, _xlpm.recRow - 9), _xlpm.whyCode, INDEX(CL10:CL15, _xlpm.recRow - 9), _xlpm.immuneToType, INDEX(CT10:CT15, _xlpm.recRow - 9), _xlpm.abilityImmuneType, IFERROR(INDEX('Ability Rules'!C:C, MATCH(_xlpm.recAbility, 'Ability Rules'!A:A, 0)), ""), _xlpm.oppMove1Type, INDEX(BN10:BN15, _xlpm.recRow - 9), _xlpm.oppMove2Type, INDEX(BO10:BO15, _xlpm.recRow - 9), _xlpm.oppMove3Type, INDEX(BP10:BP15, _xlpm.recRow - 9), _xlpm.oppMove4Type, INDEX(BQ10:BQ15, _xlpm.recRow - 9), _xlpm.incomingMod1, INDEX(BD10:BD15, _xlpm.recRow - 9), _xlpm.incomingMod2, INDEX(BE10:BE15, _xlpm.recRow - 9), _xlpm.incomingMod3, INDEX(BF10:BF15, _xlpm.recRow - 9), _xlpm.incomingMod4, INDEX(BG10:BG15, _xlpm.recRow - 9), _xlpm.moveEff1, INDEX(BR10:BR15, _xlpm.recRow - 9), _xlpm.moveEff2, INDEX(BS10:BS15, _xlpm.recRow - 9), _xlpm.moveEff3, INDEX(BT10:BT15, _xlpm.recRow - 9), _xlpm.moveEff4, INDEX(BU10:BU15, _xlpm.recRow - 9), _xlpm.negatedMoveType, IF(_xlpm.incomingMod1=0, _xlpm.oppMove1Type, IF(_xlpm.incomingMod2=0, _xlpm.oppMove2Type, IF(_xlpm.incomingMod3=0, _xlpm.oppMove3Type, IF(_xlpm.incomingMod4=0, _xlpm.oppMove4Type, "")))), _xlpm.incomingMult, INDEX(I10:I15, _xlpm.recRow - 9), _xlpm.incomingMoveType, INDEX(K10:K15, _xlpm.recRow - 9), _xlpm.oppType1, N2, _xlpm.oppType2Raw, O2, _xlpm.oppType2, IF(OR(_xlpm.oppType2Raw="", _xlpm.oppType2Raw=0), "", _xlpm.oppType2Raw), _xlpm.immune1, IF(AND(_xlpm.moveEff1=0, _xlpm.oppMove1Type<>"", _xlpm.oppMove1Type<>0), _xlpm.oppMove1Type, ""), _xlpm.immune2, IF(AND(_xlpm.moveEff2=0, _xlpm.oppMove2Type<>"", _xlpm.oppMove2Type<>0, _xlpm.oppMove2Type<>_xlpm.immune1), _xlpm.oppMove2Type, ""), _xlpm.immune3, IF(AND(_xlpm.moveEff3=0, _xlpm.oppMove3Type<>"", _xlpm.oppMove3Type<>0, _xlpm.oppMove3Type<>_xlpm.immune1, _xlpm.oppMove3Type<>_xlpm.immune2), _xlpm.oppMove3Type, ""), _xlpm.immune4, IF(AND(_xlpm.moveEff4=0, _xlpm.oppMove4Type<>"", _xlpm.oppMove4Type<>0, _xlpm.oppMove4Type<>_xlpm.immune1, _xlpm.oppMove4Type<>_xlpm.immune2, _xlpm.oppMove4Type<>_xlpm.immune3), _xlpm.oppMove4Type, ""), _xlpm.immuneCount, (_xlpm.immune1<>"")+(_xlpm.immune2<>"")+(_xlpm.immune3<>"")+(_xlpm.immune4<>""), _xlpm.immuneList, _xlfn.TEXTJOIN(", ", TRUE, _xlpm.immune1, _xlpm.immune2, _xlpm.immune3, _xlpm.immune4), _xlpm.immuneTypes, IF(_xlpm.immuneCount=0, "", IF(_xlpm.immuneCount=1, _xlpm.immuneList, IF(_xlpm.immuneCount=2, SUBSTITUTE(_xlpm.immuneList, ", ", " and "), _xlfn.LET(_xlpm.lastComma, FIND("~", SUBSTITUTE(_xlpm.immuneList, ", ", "~", _xlpm.immuneCount-1)), LEFT(_xlpm.immuneList, _xlpm.lastComma-1)&" and "&MID(_xlpm.immuneList, _xlpm.lastComma+2, 100))))), _xlpm.resist1, IF(AND(_xlpm.moveEff1<1, _xlpm.moveEff1>0), _xlpm.oppMove1Type, ""), _xlpm.resist2, IF(AND(_xlpm.moveEff2<1, _xlpm.moveEff2>0, _xlpm.oppMove2Type<>_xlpm.resist1), _xlpm.oppMove2Type, ""), _xlpm.resist3, IF(AND(_xlpm.moveEff3<1, _xlpm.moveEff3>0, _xlpm.oppMove3Type<>_xlpm.resist1, _xlpm.oppMove3Type<>_xlpm.resist2), _xlpm.oppMove3Type, ""), _xlpm.resist4, IF(AND(_xlpm.moveEff4<1, _xlpm.moveEff4>0, _xlpm.oppMove4Type<>_xlpm.resist1, _xlpm.oppMove4Type<>_xlpm.resist2, _xlpm.oppMove4Type<>_xlpm.resist3), _xlpm.oppMove4Type, ""), _xlpm.resistCount, (_xlpm.resist1<>"")+(_xlpm.resist2<>"")+(_xlpm.resist3<>"")+(_xlpm.resist4<>""), _xlpm.resistList, _xlfn.TEXTJOIN(", ", TRUE, _xlpm.resist1, _xlpm.resist2, _xlpm.resist3, _xlpm.resist4), _xlpm.resistTypes, IF(_xlpm.resistCount=0, "", IF(_xlpm.resistCount=1, _xlpm.resistList, IF(_xlpm.resistCount=2, SUBSTITUTE(_xlpm.resistList, ", ", " and "), _xlfn.LET(_xlpm.lastComma, FIND("~", SUBSTITUTE(_xlpm.resistList, ", ", "~", _xlpm.resistCount-1)), LEFT(_xlpm.resistList, _xlpm.lastComma-1)&" and "&MID(_xlpm.resistList, _xlpm.lastComma+2, 100))))), _xlpm.hasAnyImmune, _xlpm.immuneCount>0, _xlpm.hasAnyResist, _xlpm.resistCount>0, _xlpm.durabilityReason, IF(AND(_xlpm.hasAnyImmune, _xlpm.hasAnyResist), "Immune to "&_xlpm.immuneTypes&"; resists "&_xlpm.resistTypes&" attacks", IF(_xlpm.hasAnyImmune, "Immune to "&_xlpm.immuneTypes&" attacks", IF(_xlpm.hasAnyResist, "Resists "&_xlpm.resistTypes&" attacks", "Best durability against this opponent"))), IF(_xlpm.recIncoming=0, IF(_xlpm.hasAbilityImmunity = 1, _xlpm.recAbility & " grants full immunity", "Immune to all opponent's attacks"), IF(_xlpm.whyCode = 0, "Overwhelming offensive advantage", IF(_xlpm.whyCode = 1, _xlpm.recAbility & " negates opponent's " & _xlpm.negatedMoveType & " attacks", IF(_xlpm.whyCode = 2, "Immune to " & _xlpm.immuneToType & "-type attacks", IF(_xlpm.whyCode = 3, "Best overall matchup", IF(_xlpm.whyCode = 4, "Strongest attack against this opponent", IF(_xlpm.whyCode = 5, _xlpm.durabilityReason, IF(_xlpm.whyCode = 6, "Best balance of damage and durability", "Highest overall matchup rating")))))))) ))} -> Best balance of damage and durability
A9: Team Member | B9: Best Move | C9: Best Move Type | D9: Offensive Multiplier | E9: Best Move Score | F9: Incoming Worst Score | G9: Ratio | H9: Incoming Worst Move | I9: Incoming Multiplier | J9: Notes | K9: IncomingMoveType | L9: OpponentLevel | M9: ApproxOpponentATK | N9: Move1 | O9: Move1Type | P9: Move1Power | Q9: Move1Category | R9: Move1Effectiveness | S9: Move1STAB | T9: Move1Ratio | U9: Move1Score | V9: Move2 | W9: Move2Type | X9: Move2Power | Y9: Move2Category | Z9: Move2Effectiveness | AA9: Move2STAB | AB9: Move2Ratio | AC9: Move2Score | AD9: Move3 | AE9: Move3Type | AF9: Move3Power | AG9: Move3Category | AH9: Move3Effectiveness | AI9: Move3STAB | AJ9: Move3Ratio | AK9: Move3Score | AL9: Move4 | AM9: Move4Type | AN9: Move4Power | AO9: Move4Category | AP9: Move4Effectiveness | AQ9: Move4STAB | AR9: Move4Ratio | AS9: Move4Score | AT9: OpponentLevel | AU9: ApproxATK | AV9: ApproxDEF | AW9: ApproxSPA | AX9: ApproxSPD | AY9: ApproxSPE | AZ9: ApproxHP | BA9: BestMoveHPRatio | BB9: TeamAbility | BC9: OpponentAbility | BD9: IncomingMod1 | BE9: IncomingMod2 | BF9: IncomingMod3 | BG9: IncomingMod4 | BH9: OutgoingSTABMod | BI9: OutgoingAtkMod | BJ9: TechMod1 | BK9: TechMod2 | BL9: TechMod3 | BM9: TechMod4 | BN9: Move1Type2 | BO9: Move2Type3 | BP9: Move3Type4 | BQ9: Move4Type5 | BR9: Move1Eff | BS9: Move2Eff | BT9: Move3Eff | BU9: Move4Eff | BV9: Move1SuperEff | BW9: Move2SuperEff | BX9: Move3SuperEff | BY9: Move4SuperEff | BZ9: IncomingMod1Final | CA9: IncomingMod2Final | CB9: IncomingMod3Final | CC9: IncomingMod4Final | CD9: OutMod1 | CE9: OutMod2 | CF9: OutMod3 | CG9: OutMod4 | CH9: HasAbilityImmunity | CI9: HasTypeImmunity | CJ9: HasLowIncoming | CK9: HasHighOffense | CL9: WhyCode | CM9: OffAdvRatio | CN9: DefAdvRatio | CO9: BestMoveSuperEff | CP9: HasSTABSuperEff | CQ9: HasOverwhelmingOffense | CR9: AnyOverwhelming | CS9: BestOverwhelmingRatio | CT9: ImmuneToType | CU9: ImmunityHelps | CV9: ImmuneMoveType | CW9: Column1 | CX9: Column2 | CY9: Column3 | CZ9: Column4 | DA9: Column5 | DB9: Column6 | DC9: TeamMovesSecond | DD9: IncomingHPRatio | DE9: LikelySurvivesFirstHit | DF9: SurvivalOHKO | DG9: DmaxNote | DH9: OHKONote | DI9: WarningNote | DJ9: MechanicsNote | DK9: Move1DmgMethod | DL9: Move2DmgMethod | DM9: Move3DmgMethod | DN9: Move4DmgMethod | DO9: OppMove1DmgMethod | DP9: OppMove2DmgMethod | DQ9: OppMove3DmgMethod | DR9: OppMove4DmgMethod | DS9: Column7 | DT9: Column8 | DU9: Column9 | DV9: Column10 | DW9: Column11 | DX9: Column12 | DY9: Column13 | DZ9: Column14 | EA9: Column15 | EB9: Column16 | EC9: Column17 | ED9: Column18 | EE9: BestMoveCategory | EF9: OppMove1 | EG9: OppMove2 | EH9: OppMove3 | EI9: OppMove4 | EJ9: OppMove1Cond | EK9: OppMove2Cond | EL9: OppMove3Cond | EM9: OppMove4Cond | EN9: Move1Elig | EO9: Move2Elig | EP9: Move3Elig | EQ9: Move4Elig | ER9: ContactRiskNote | ES9: IncomingOHKONote | ET9: AbilityTacticalNote | EU9: Move1ActCond | EV9: Move1ActMult | EW9: Move1BoostedScore | EX9: Move2ActCond | EY9: Move2ActMult | EZ9: Move2BoostedScore | FA9: Move3ActCond | FB9: Move3ActMult | FC9: Move3BoostedScore | FD9: Move4ActCond | FE9: Move4ActMult | FF9: Move4BoostedScore | FG9: TeamCanStatus | FH9: BestConditionalMove | FI9: BestBoostedScore | FJ9: CondBoostedNote | FK9: HasBodyPress | FL9: MaxDefBoost | FM9: BoostedBodyPressScore | FN9: BodyPressNote | FO9: Move1ItemBoosted | FP9: Move2ItemBoosted | FQ9: Move3ItemBoosted | FR9: Move4ItemBoosted | FS9: BestMoveItemBoosted | FT9: IncomingItemBoosted | FU9: BestMoveScoreNumeric | FV9: IncomingWorstScoreNumeric
A10: =IF('Team Data'!A2="","",'Team Data'!A2) -> Chandelure | B10: {=IFERROR(INDEX(N10:AL10,1,MATCH(FU10,CHOOSE({1,2,3,4},IF(U10="",0,U10),IF(AC10="",0,AC10),IF(AK10="",0,AK10),IF(AS10="",0,AS10)),0)*8-7),"")} -> Heat Wave | C10: {=IFERROR(INDEX(N10:AM10,1,MATCH(FU10,CHOOSE({1,2,3,4},IF(U10="",0,U10),IF(AC10="",0,AC10),IF(AK10="",0,AK10),IF(AS10="",0,AS10)),0)*8-6),"")} -> Fire | D10: {=IFERROR(INDEX(N10:AS10,1,MATCH(FU10,CHOOSE({1,2,3,4},IF(U10="",0,U10),IF(AC10="",0,AC10),IF(AK10="",0,AK10),IF(AS10="",0,AS10)),0)*8-3),"")} -> 1 | E10: =IF(A10="","",IF(FU10="","",TEXT(FU10,"0.00")&IF(FS10,"*",""))) -> 323.44* | F10: =IF(A10="","",IF(FV10="","",TEXT(FV10,"0.00")&IF(FT10,"*",""))) -> 304.99 | G10: =IF(A10="","",MIN(ROUND(FU10/MAX(FV10,0.001),2),999)) -> 1.06 | H10: {=IF($A10="","",IF(EC10<>"",EC10,_xlfn.LET( _xlpm.oppMatch, MATCH(1,(Opponent[Pokemon]=$B$4)*(Opponent[Battle]=$B$3),0), _xlpm.move1, INDEX(Opponent[Move1],_xlpm.oppMatch), _xlpm.move1Power, INDEX(Opponent[Move1Power],_xlpm.oppMatch), _xlpm.move1Type, INDEX(Opponent[Move1Type],_xlpm.oppMatch), _xlpm.move1Cat, INDEX(Opponent[Move1Category],_xlpm.oppMatch), _xlpm.move1DmgMethod, DP10, _xlpm.move2, INDEX(Opponent[Move2],_xlpm.oppMatch), _xlpm.move2Power, INDEX(Opponent[Move2Power],_xlpm.oppMatch), _xlpm.move2Type, INDEX(Opponent[Move2Type],_xlpm.oppMatch), _xlpm.move2Cat, INDEX(Opponent[Move2Category],_xlpm.oppMatch), _xlpm.move2DmgMethod, DQ10, _xlpm.move3, INDEX(Opponent[Move3],_xlpm.oppMatch), _xlpm.move3Power, INDEX(Opponent[Move3Power],_xlpm.oppMatch), _xlpm.move3Type, INDEX(Opponent[Move3Type],_xlpm.oppMatch), _xlpm.move3Cat, INDEX(Opponent[Move3Category],_xlpm.oppMatch), _xlpm.move3DmgMethod, DR10, _xlpm.move4, INDEX(Opponent[Move4],_xlpm.oppMatch), _xlpm.move4Power, INDEX(Opponent[Move4Power],_xlpm.oppMatch), _xlpm.move4Type, INDEX(Opponent[Move4Type],_xlpm.oppMatch), _xlpm.move4Cat, INDEX(Opponent[Move4Category],_xlpm.oppMatch), _xlpm.move4DmgMethod, DS10, _xlpm.teamType1, INDEX(TeamData[Type1],MATCH(A10,TeamData[Pokemon],0)), _xlpm.teamType2, INDEX(TeamData[Type2],MATCH(A10,TeamData[Pokemon],0)), _xlpm.teamDEF, INDEX(TeamData[DEF],MATCH(A10,TeamData[Pokemon],0)), _xlpm.teamSPD, INDEX(TeamData[SPD],MATCH(A10,TeamData[Pokemon],0)), _xlpm.teamATK, INDEX(TeamData[ATK],MATCH(A10,TeamData[Pokemon],0)), _xlpm.oppATK, $AU10, _xlpm.oppDEF, $AV10, _xlpm.oppSPA, $AW10, _xlpm.oppType1, $N$2, _xlpm.oppType2, $O$2, _xlpm.intimidateMod, IF($BB10="Intimidate",0.667,1), _xlpm.typeEff1, IFERROR(INDEX(TypeChart[],MATCH(_xlpm.move1Type,TypeChart[AttackType ↓ / DefendingType →],0),MATCH(_xlpm.teamType1,TypeChart[#Headers],0)) * IF(_xlpm.teamType2="",1,INDEX(TypeChart[],MATCH(_xlpm.move1Type,TypeChart[AttackType ↓ / DefendingType →],0),MATCH(_xlpm.teamType2,TypeChart[#Headers],0))),0), _xlpm.typeEff2, IFERROR(INDEX(TypeChart[],MATCH(_xlpm.move2Type,TypeChart[AttackType ↓ / DefendingType →],0),MATCH(_xlpm.teamType1,TypeChart[#Headers],0)) * IF(_xlpm.teamType2="",1,INDEX(TypeChart[],MATCH(_xlpm.move2Type,TypeChart[AttackType ↓ / DefendingType →],0),MATCH(_xlpm.teamType2,TypeChart[#Headers],0))),0), _xlpm.typeEff3, IFERROR(INDEX(TypeChart[],MATCH(_xlpm.move3Type,TypeChart[AttackType ↓ / DefendingType →],0),MATCH(_xlpm.teamType1,TypeChart[#Headers],0)) * IF(_xlpm.teamType2="",1,INDEX(TypeChart[],MATCH(_xlpm.move3Type,TypeChart[AttackType ↓ / DefendingType →],0),MATCH(_xlpm.teamType2,TypeChart[#Headers],0))),0), _xlpm.typeEff4, IFERROR(INDEX(TypeChart[],MATCH(_xlpm.move4Type,TypeChart[AttackType ↓ / DefendingType →],0),MATCH(_xlpm.teamType1,TypeChart[#Headers],0)) * IF(_xlpm.teamType2="",1,INDEX(TypeChart[],MATCH(_xlpm.move4Type,TypeChart[AttackType ↓ / DefendingType →],0),MATCH(_xlpm.teamType2,TypeChart[#Headers],0))),0), _xlpm.stab1, IF(OR(_xlpm.move1Type=_xlpm.oppType1,_xlpm.move1Type=_xlpm.oppType2),1.5,1), _xlpm.stab2, IF(OR(_xlpm.move2Type=_xlpm.oppType1,_xlpm.move2Type=_xlpm.oppType2),1.5,1), _xlpm.stab3, IF(OR(_xlpm.move3Type=_xlpm.oppType1,_xlpm.move3Type=_xlpm.oppType2),1.5,1), _xlpm.stab4, IF(OR(_xlpm.move4Type=_xlpm.oppType1,_xlpm.move4Type=_xlpm.oppType2),1.5,1), _xlpm.hits1, IFERROR(VLOOKUP(_xlpm.move1,MoveData[],6,FALSE),1), _xlpm.hits2, IFERROR(VLOOKUP(_xlpm.move2,MoveData[],6,FALSE),1), _xlpm.hits3, IFERROR(VLOOKUP(_xlpm.move3,MoveData[],6,FALSE),1), _xlpm.hits4, IFERROR(VLOOKUP(_xlpm.move4,MoveData[],6,FALSE),1), _xlpm.atkStat1, _xlfn.SWITCH(_xlpm.move1DmgMethod, "UseDEF", _xlpm.oppDEF, "TargetATK", _xlpm.teamATK, IF(_xlpm.move1Cat="Physical", _xlpm.oppATK*_xlpm.intimidateMod, IF(_xlpm.move1Cat="Special", _xlpm.oppSPA, 0))), _xlpm.defStat1, _xlfn.SWITCH(_xlpm.move1DmgMethod, "TargetDEFasSPD", _xlpm.teamDEF, IF(_xlpm.move1Cat="Physical", _xlpm.teamDEF, IF(_xlpm.move1Cat="Special", _xlpm.teamSPD, 1))), _xlpm.atkStat2, _xlfn.SWITCH(_xlpm.move2DmgMethod, "UseDEF", _xlpm.oppDEF, "TargetATK", _xlpm.teamATK, IF(_xlpm.move2Cat="Physical", _xlpm.oppATK*_xlpm.intimidateMod, IF(_xlpm.move2Cat="Special", _xlpm.oppSPA, 0))), _xlpm.defStat2, _xlfn.SWITCH(_xlpm.move2DmgMethod, "TargetDEFasSPD", _xlpm.teamDEF, IF(_xlpm.move2Cat="Physical", _xlpm.teamDEF, IF(_xlpm.move2Cat="Special", _xlpm.teamSPD, 1))), _xlpm.atkStat3, _xlfn.SWITCH(_xlpm.move3DmgMethod, "UseDEF", _xlpm.oppDEF, "TargetATK", _xlpm.teamATK, IF(_xlpm.move3Cat="Physical", _xlpm.oppATK*_xlpm.intimidateMod, IF(_xlpm.move3Cat="Special", _xlpm.oppSPA, 0))), _xlpm.defStat3, _xlfn.SWITCH(_xlpm.move3DmgMethod, "TargetDEFasSPD", _xlpm.teamDEF, IF(_xlpm.move3Cat="Physical", _xlpm.teamDEF, IF(_xlpm.move3Cat="Special", _xlpm.teamSPD, 1))), _xlpm.atkStat4, _xlfn.SWITCH(_xlpm.move4DmgMethod, "UseDEF", _xlpm.oppDEF, "TargetATK", _xlpm.teamATK, IF(_xlpm.move4Cat="Physical", _xlpm.oppATK*_xlpm.intimidateMod, IF(_xlpm.move4Cat="Special", _xlpm.oppSPA, 0))), _xlpm.defStat4, _xlfn.SWITCH(_xlpm.move4DmgMethod, "TargetDEFasSPD", _xlpm.teamDEF, IF(_xlpm.move4Cat="Physical", _xlpm.teamDEF, IF(_xlpm.move4Cat="Special", _xlpm.teamSPD, 1))), _xlpm.score1, IF(OR(_xlpm.move1Power="Varies", _xlpm.move1Cat="Status", _xlpm.move1DmgMethod="Fixed", _xlpm.move1DmgMethod="OHKO"), 0, IFERROR(_xlpm.move1Power * _xlpm.hits1 * _xlpm.typeEff1 * _xlpm.stab1 * $BZ10 * _xlpm.atkStat1 / _xlpm.defStat1, 0)), _xlpm.score2, IF(OR(_xlpm.move2Power="Varies", _xlpm.move2Cat="Status", _xlpm.move2DmgMethod="Fixed", _xlpm.move2DmgMethod="OHKO"), 0, IFERROR(_xlpm.move2Power * _xlpm.hits2 * _xlpm.typeEff2 * _xlpm.stab2 * $CA10 * _xlpm.atkStat2 / _xlpm.defStat2, 0)), _xlpm.score3, IF(OR(_xlpm.move3Power="Varies", _xlpm.move3Cat="Status", _xlpm.move3DmgMethod="Fixed", _xlpm.move3DmgMethod="OHKO"), 0, IFERROR(_xlpm.move3Power * _xlpm.hits3 * _xlpm.typeEff3 * _xlpm.stab3 * $CB10 * _xlpm.atkStat3 / _xlpm.defStat3, 0)), _xlpm.score4, IF(OR(_xlpm.move4Power="Varies", _xlpm.move4Cat="Status", _xlpm.move4DmgMethod="Fixed", _xlpm.move4DmgMethod="OHKO"), 0, IFERROR(_xlpm.move4Power * _xlpm.hits4 * _xlpm.typeEff4 * _xlpm.stab4 * $CC10 * _xlpm.atkStat4 / _xlpm.defStat4, 0)), _xlpm.maxScore, MAX(_xlpm.score1*$EN10, _xlpm.score2*$EO10, _xlpm.score3*$EP10, _xlpm.score4*$EQ10), _xlpm.defaultMove, IF(AND(_xlpm.move1<>"",OR(_xlpm.move1Cat="Physical",_xlpm.move1Cat="Special")), _xlpm.move1 & " (" & _xlpm.move1Cat & ")", IF(AND(_xlpm.move2<>"",OR(_xlpm.move2Cat="Physical",_xlpm.move2Cat="Special")), _xlpm.move2 & " (" & _xlpm.move2Cat & ")", IF(AND(_xlpm.move3<>"",OR(_xlpm.move3Cat="Physical",_xlpm.move3Cat="Special")), _xlpm.move3 & " (" & _xlpm.move3Cat & ")", IF(AND(_xlpm.move4<>"",OR(_xlpm.move4Cat="Physical",_xlpm.move4Cat="Special")), _xlpm.move4 & " (" & _xlpm.move4Cat & ")", "")))), IF(_xlpm.maxScore=0, _xlpm.defaultMove, IF(AND($EN10,_xlpm.score1*$EN10=_xlpm.maxScore), _xlpm.move1 & " (" & _xlpm.move1Cat & ")", IF(AND($EO10,_xlpm.score2*$EO10=_xlpm.maxScore), _xlpm.move2 & " (" & _xlpm.move2Cat & ")", IF(AND($EP10,_xlpm.score3*$EP10=_xlpm.maxScore), _xlpm.move3 & " (" & _xlpm.move3Cat & ")", IF(AND($EQ10,_xlpm.score4*$EQ10=_xlpm.maxScore), _xlpm.move4 & " (" & _xlpm.move4Cat & ")", ""))))) )))} -> Liquidation (Physical) | I10: =IF(A10="","",IF(DW10,0,INDEX(TypeChart[],MATCH(K10,TypeChart[AttackType ↓ / DefendingType →],0),MATCH(INDEX(TeamData[Type1],MATCH(A10,TeamData[Pokemon],0)),TypeChart[#Headers],0))*IF(INDEX(TeamData[Type2],MATCH(A10,TeamData[Pokemon],0))="",1,INDEX(TypeChart[],MATCH(K10,TypeChart[AttackType ↓ / DefendingType →],0),MATCH(INDEX(TeamData[Type2],MATCH(A10,TeamData[Pokemon],0)),TypeChart[#Headers],0))))) -> 2 | J10: =IF(A10="","",_xlfn.LET( _xlpm.immuneNote, IF(DW10,"Immune to opponent's attacks",""), _xlpm.dmaxNote, DG10, _xlpm.ohkoNote, DH10, _xlpm.incomingOHKONote, ES10, _xlpm.priorityNote, DV10, _xlpm.contactRiskNote, ER10, _xlpm.abilityTacticalNote, ET10, _xlpm.mechanicsNote, DJ10, _xlpm.condBoostedNote, FJ10, _xlpm.bodyPressNote, FN10, _xlpm.otherNotes, TRIM(_xlfn.TEXTJOIN("; ", TRUE, _xlpm.immuneNote, _xlpm.ohkoNote, _xlpm.incomingOHKONote, _xlpm.priorityNote, _xlpm.contactRiskNote, _xlpm.abilityTacticalNote, _xlpm.mechanicsNote, _xlpm.condBoostedNote, _xlpm.bodyPressNote)), IF(AND(_xlpm.dmaxNote<>"", _xlpm.otherNotes<>""), _xlpm.dmaxNote&"; "&_xlpm.otherNotes, IF(_xlpm.dmaxNote<>"", _xlpm.dmaxNote, _xlpm.otherNotes)) )) -> Possible OHKO; Status-boosted Hex possible | K10: {=IF(A10="","",_xlfn.LET( _xlpm.moveName, LEFT(H10,IFERROR(FIND(" (",H10)-1,LEN(H10))), _xlpm.oppMove1, INDEX(Opponent[Move1],MATCH(1,(Opponent[Pokemon]=$B$4)*(Opponent[Battle]=$B$3),0)), _xlpm.oppMove2, INDEX(Opponent[Move2],MATCH(1,(Opponent[Pokemon]=$B$4)*(Opponent[Battle]=$B$3),0)), _xlpm.oppMove3, INDEX(Opponent[Move3],MATCH(1,(Opponent[Pokemon]=$B$4)*(Opponent[Battle]=$B$3),0)), _xlpm.oppMove4, INDEX(Opponent[Move4],MATCH(1,(Opponent[Pokemon]=$B$4)*(Opponent[Battle]=$B$3),0)), IF(_xlpm.moveName=_xlpm.oppMove1, INDEX(Opponent[Move1Type],MATCH(1,(Opponent[Pokemon]=$B$4)*(Opponent[Battle]=$B$3),0)), IF(_xlpm.moveName=_xlpm.oppMove2, INDEX(Opponent[Move2Type],MATCH(1,(Opponent[Pokemon]=$B$4)*(Opponent[Battle]=$B$3),0)), IF(_xlpm.moveName=_xlpm.oppMove3, INDEX(Opponent[Move3Type],MATCH(1,(Opponent[Pokemon]=$B$4)*(Opponent[Battle]=$B$3),0)), IF(_xlpm.moveName=_xlpm.oppMove4, INDEX(Opponent[Move4Type],MATCH(1,(Opponent[Pokemon]=$B$4)*(Opponent[Battle]=$B$3),0)), "")))) ))} -> Water | N10: =_xlfn.XLOOKUP($A10,TeamData[Pokemon],TeamData[Move1]) -> Shadow Ball | O10: =_xlfn.XLOOKUP($A10,TeamData[Pokemon],TeamData[Move1Type]) -> Ghost | P10: =_xlfn.XLOOKUP($A10,TeamData[Pokemon],TeamData[Move1Power]) -> 80 | Q10: =_xlfn.XLOOKUP($A10,TeamData[Pokemon],TeamData[Move1Category]) -> Special | R10: =INDEX(TypeChart[],MATCH(O10,TypeChart[AttackType ↓ / DefendingType →],0),MATCH($N$2,TypeChart[#Headers],0)) * IF(OR($O$2="",$O$2=0),1, INDEX(TypeChart[],MATCH(O10,TypeChart[AttackType ↓ / DefendingType →],0),MATCH($O$2,TypeChart[#Headers],0))) -> 1 | S10: =IF(OR(O10=INDEX(TeamData[Type1],MATCH(A10,TeamData[Pokemon],0)),O10=INDEX(TeamData[Type2],MATCH(A10,TeamData[Pokemon],0))),$BH10,1) -> 1.5 | T10: =R10*S10 -> 1.5 | U10: {=_xlfn.LET( _xlpm.dmgMethod, DL10, _xlpm.movePower, P10, _xlpm.moveCategory, Q10, _xlpm.moveType, O10, _xlpm.moveHits, IFERROR(VLOOKUP(N10,MoveData[],6,FALSE),1), _xlpm.effectiveness, R10, _xlpm.stabMod, S10, _xlpm.techMod, $BJ10, _xlpm.outMod, $CD10, _xlpm.atkMod, $BI10, _xlpm.teamATK, _xlfn.XLOOKUP($A10,TeamData[Pokemon],TeamData[ATK]), _xlpm.teamSPA, _xlfn.XLOOKUP($A10,TeamData[Pokemon],TeamData[SPA]), _xlpm.teamDEF, _xlfn.XLOOKUP($A10,TeamData[Pokemon],TeamData[DEF]), _xlpm.oppATK, $AU10, _xlpm.oppDEF, $AV10, _xlpm.oppSPD, $AX10, _xlpm.heldItem, _xlfn.XLOOKUP($A10,TeamData[Pokemon],TeamData[Held Item],""), _xlpm.itemEffectType, _xlfn.XLOOKUP(_xlpm.heldItem,Items[Item],Items[EffectType],"None"), _xlpm.itemMoveType, _xlfn.XLOOKUP(_xlpm.heldItem,Items[Item],Items[MoveTypeAffected],"None"), _xlpm.itemMoveCategory, _xlfn.XLOOKUP(_xlpm.heldItem,Items[Item],Items[MoveCategoryAffected],"None"), _xlpm.itemCondition, _xlfn.XLOOKUP(_xlpm.heldItem,Items[Item],Items[Condition],"None"), _xlpm.itemMultiplier, _xlfn.XLOOKUP(_xlpm.heldItem,Items[Item],Items[Multiplier],1), _xlpm.itemMod, IF(_xlpm.itemEffectType<>"DamageMultiplier", 1, IF(AND(_xlpm.itemMoveType<>"None", _xlpm.itemMoveType=_xlpm.moveType), _xlpm.itemMultiplier, IF(AND(_xlpm.itemMoveCategory<>"None", _xlpm.itemMoveCategory=_xlpm.moveCategory), _xlpm.itemMultiplier, IF(AND(_xlpm.itemCondition="SuperEffective", _xlpm.effectiveness>1), _xlpm.itemMultiplier, 1)))), _xlpm.attackingStat, _xlfn.SWITCH(_xlpm.dmgMethod, "UseDEF", _xlpm.teamDEF, "TargetATK", _xlpm.oppATK, IF(_xlpm.moveCategory="Physical", _xlpm.teamATK*_xlpm.atkMod, _xlpm.teamSPA) ), _xlpm.defendingStat, _xlfn.SWITCH(_xlpm.dmgMethod, "TargetDEFasSPD", _xlpm.oppDEF, IF(_xlpm.moveCategory="Physical", _xlpm.oppDEF, _xlpm.oppSPD) ), IF(OR(_xlpm.movePower="Varies", _xlpm.dmgMethod="Fixed", _xlpm.dmgMethod="OHKO"), "", IFERROR(_xlpm.movePower * _xlpm.moveHits * _xlpm.effectiveness * _xlpm.stabMod * _xlpm.techMod * _xlpm.outMod * _xlpm.itemMod * _xlpm.attackingStat / _xlpm.defendingStat, "") ) )} -> 226.97807 | V10: =_xlfn.XLOOKUP($A10,TeamData[Pokemon],TeamData[Move2]) -> Hex | W10: =_xlfn.XLOOKUP($A10,TeamData[Pokemon],TeamData[Move2Type]) -> Ghost | X10: =_xlfn.XLOOKUP($A10,TeamData[Pokemon],TeamData[Move2Power]) -> 65 | Y10: =_xlfn.XLOOKUP($A10,TeamData[Pokemon],TeamData[Move2Category]) -> Special | Z10: =INDEX(TypeChart[],MATCH(W10,TypeChart[AttackType ↓ / DefendingType →],0),MATCH($N$2,TypeChart[#Headers],0))*IF(OR($O$2="",$O$2=0),1,INDEX(TypeChart[],MATCH(W10,TypeChart[AttackType ↓ / DefendingType →],0),MATCH($O$2,TypeChart[#Headers],0))) -> 1 | AA10: =IF(OR(W10=INDEX(TeamData[Type1],MATCH(A10,TeamData[Pokemon],0)),W10=INDEX(TeamData[Type2],MATCH(A10,TeamData[Pokemon],0))),$BH10,1) -> 1.5 | AB10: =Z10*AA10 -> 1.5 | AC10: {=_xlfn.LET( _xlpm.dmgMethod, DM10, _xlpm.movePower, X10, _xlpm.moveCategory, Y10, _xlpm.moveType, W10, _xlpm.moveHits, IFERROR(VLOOKUP(V10,MoveData[],6,FALSE),1), _xlpm.effectiveness, Z10, _xlpm.stabMod, AA10, _xlpm.techMod, $BK10, _xlpm.outMod, $CE10, _xlpm.atkMod, $BI10, _xlpm.teamATK, _xlfn.XLOOKUP($A10,TeamData[Pokemon],TeamData[ATK]), _xlpm.teamSPA, _xlfn.XLOOKUP($A10,TeamData[Pokemon],TeamData[SPA]), _xlpm.teamDEF, _xlfn.XLOOKUP($A10,TeamData[Pokemon],TeamData[DEF]), _xlpm.oppATK, $AU10, _xlpm.oppDEF, $AV10, _xlpm.oppSPD, $AX10, _xlpm.heldItem, _xlfn.XLOOKUP($A10,TeamData[Pokemon],TeamData[Held Item],""), _xlpm.itemEffectType, _xlfn.XLOOKUP(_xlpm.heldItem,Items[Item],Items[EffectType],"None"), _xlpm.itemMoveType, _xlfn.XLOOKUP(_xlpm.heldItem,Items[Item],Items[MoveTypeAffected],"None"), _xlpm.itemMoveCategory, _xlfn.XLOOKUP(_xlpm.heldItem,Items[Item],Items[MoveCategoryAffected],"None"), _xlpm.itemCondition, _xlfn.XLOOKUP(_xlpm.heldItem,Items[Item],Items[Condition],"None"), _xlpm.itemMultiplier, _xlfn.XLOOKUP(_xlpm.heldItem,Items[Item],Items[Multiplier],1), _xlpm.itemMod, IF(_xlpm.itemEffectType<>"DamageMultiplier", 1, IF(AND(_xlpm.itemMoveType<>"None", _xlpm.itemMoveType=_xlpm.moveType), _xlpm.itemMultiplier, IF(AND(_xlpm.itemMoveCategory<>"None", _xlpm.itemMoveCategory=_xlpm.moveCategory), _xlpm.itemMultiplier, IF(AND(_xlpm.itemCondition="SuperEffective", _xlpm.effectiveness>1), _xlpm.itemMultiplier, 1)))), _xlpm.attackingStat, _xlfn.SWITCH(_xlpm.dmgMethod, "UseDEF", _xlpm.teamDEF, "TargetATK", _xlpm.oppATK, IF(_xlpm.moveCategory="Physical", _xlpm.teamATK*_xlpm.atkMod, _xlpm.teamSPA) ), _xlpm.defendingStat, _xlfn.SWITCH(_xlpm.dmgMethod, "TargetDEFasSPD", _xlpm.oppDEF, IF(_xlpm.moveCategory="Physical", _xlpm.oppDEF, _xlpm.oppSPD) ), IF(OR(_xlpm.movePower="Varies", _xlpm.dmgMethod="Fixed", _xlpm.dmgMethod="OHKO"), "", IFERROR(_xlpm.movePower * _xlpm.moveHits * _xlpm.effectiveness * _xlpm.stabMod * _xlpm.techMod * _xlpm.outMod * _xlpm.itemMod * _xlpm.attackingStat / _xlpm.defendingStat, "") ) )} -> 184.41968 | AD10: =_xlfn.XLOOKUP($A10,TeamData[Pokemon],TeamData[Move3]) -> Will-O-Wisp | AE10: =_xlfn.XLOOKUP($A10,TeamData[Pokemon],TeamData[Move3Type]) -> Fire | AF10: =_xlfn.XLOOKUP($A10,TeamData[Pokemon],TeamData[Move3Power]) -> 0 | AG10: =_xlfn.XLOOKUP($A10,TeamData[Pokemon],TeamData[Move3Category]) -> Status | AH10: =INDEX(TypeChart[],MATCH(AE10,TypeChart[AttackType ↓ / DefendingType →],0),MATCH($N$2,TypeChart[#Headers],0))*IF(OR($O$2="",$O$2=0),1,INDEX(TypeChart[],MATCH(AE10,TypeChart[AttackType ↓ / DefendingType →],0),MATCH($O$2,TypeChart[#Headers],0))) -> 1 | AI10: =IF(OR(AE10=INDEX(TeamData[Type1],MATCH(A10,TeamData[Pokemon],0)),AE10=INDEX(TeamData[Type2],MATCH(A10,TeamData[Pokemon],0))),$BH10,1) -> 1.5 | AJ10: =AH10*AI10 -> 1.5 | AK10: {=_xlfn.LET( _xlpm.dmgMethod, DN10, _xlpm.movePower, AF10, _xlpm.moveCategory, AG10, _xlpm.moveType, AE10, _xlpm.moveHits, IFERROR(VLOOKUP(AD10,MoveData[],6,FALSE),1), _xlpm.effectiveness, AH10, _xlpm.stabMod, AI10, _xlpm.techMod, $BL10, _xlpm.outMod, $CF10, _xlpm.atkMod, $BI10, _xlpm.teamATK, _xlfn.XLOOKUP($A10,TeamData[Pokemon],TeamData[ATK]), _xlpm.teamSPA, _xlfn.XLOOKUP($A10,TeamData[Pokemon],TeamData[SPA]), _xlpm.teamDEF, _xlfn.XLOOKUP($A10,TeamData[Pokemon],TeamData[DEF]), _xlpm.oppATK, $AU10, _xlpm.oppDEF, $AV10, _xlpm.oppSPD, $AX10, _xlpm.heldItem, _xlfn.XLOOKUP($A10,TeamData[Pokemon],TeamData[Held Item],""), _xlpm.itemEffectType, _xlfn.XLOOKUP(_xlpm.heldItem,Items[Item],Items[EffectType],"None"), _xlpm.itemMoveType, _xlfn.XLOOKUP(_xlpm.heldItem,Items[Item],Items[MoveTypeAffected],"None"), _xlpm.itemMoveCategory, _xlfn.XLOOKUP(_xlpm.heldItem,Items[Item],Items[MoveCategoryAffected],"None"), _xlpm.itemCondition, _xlfn.XLOOKUP(_xlpm.heldItem,Items[Item],Items[Condition],"None"), _xlpm.itemMultiplier, _xlfn.XLOOKUP(_xlpm.heldItem,Items[Item],Items[Multiplier],1), _xlpm.itemMod, IF(_xlpm.itemEffectType<>"DamageMultiplier", 1, IF(AND(_xlpm.itemMoveType<>"None", _xlpm.itemMoveType=_xlpm.moveType), _xlpm.itemMultiplier, IF(AND(_xlpm.itemMoveCategory<>"None", _xlpm.itemMoveCategory=_xlpm.moveCategory), _xlpm.itemMultiplier, IF(AND(_xlpm.itemCondition="SuperEffective", _xlpm.effectiveness>1), _xlpm.itemMultiplier, 1)))), _xlpm.attackingStat, _xlfn.SWITCH(_xlpm.dmgMethod, "UseDEF", _xlpm.teamDEF, "TargetATK", _xlpm.oppATK, IF(_xlpm.moveCategory="Physical", _xlpm.teamATK*_xlpm.atkMod, _xlpm.teamSPA) ), _xlpm.defendingStat, _xlfn.SWITCH(_xlpm.dmgMethod, "TargetDEFasSPD", _xlpm.oppDEF, IF(_xlpm.moveCategory="Physical", _xlpm.oppDEF, _xlpm.oppSPD) ), IF(OR(_xlpm.movePower="Varies", _xlpm.dmgMethod="Fixed", _xlpm.dmgMethod="OHKO"), "", IFERROR(_xlpm.movePower * _xlpm.moveHits * _xlpm.effectiveness * _xlpm.stabMod * _xlpm.techMod * _xlpm.outMod * _xlpm.itemMod * _xlpm.attackingStat / _xlpm.defendingStat, "") ) )} -> 0 | AL10: =_xlfn.XLOOKUP($A10,TeamData[Pokemon],TeamData[Move4]) -> Heat Wave | AM10: =_xlfn.XLOOKUP($A10,TeamData[Pokemon],TeamData[Move4Type]) -> Fire | AN10: =_xlfn.XLOOKUP($A10,TeamData[Pokemon],TeamData[Move4Power]) -> 95 | AO10: =_xlfn.XLOOKUP($A10,TeamData[Pokemon],TeamData[Move4Category]) -> Special | AP10: =INDEX(TypeChart[],MATCH(AM10,TypeChart[AttackType ↓ / DefendingType →],0),MATCH($N$2,TypeChart[#Headers],0))*IF(OR($O$2="",$O$2=0),1,INDEX(TypeChart[],MATCH(AM10,TypeChart[AttackType ↓ / DefendingType →],0),MATCH($O$2,TypeChart[#Headers],0))) -> 1 | AQ10: =IF(OR(AM10=INDEX(TeamData[Type1],MATCH(A10,TeamData[Pokemon],0)),AM10=INDEX(TeamData[Type2],MATCH(A10,TeamData[Pokemon],0))),$BH10,1) -> 1.5 | AR10: =AP10*AQ10 -> 1.5 | AS10: {=_xlfn.LET( _xlpm.dmgMethod, DO10, _xlpm.movePower, AN10, _xlpm.moveCategory, AO10, _xlpm.moveType, AM10, _xlpm.moveHits, IFERROR(VLOOKUP(AL10,MoveData[],6,FALSE),1), _xlpm.effectiveness, AP10, _xlpm.stabMod, AQ10, _xlpm.techMod, $BM10, _xlpm.outMod, $CG10, _xlpm.atkMod, $BI10, _xlpm.teamATK, _xlfn.XLOOKUP($A10,TeamData[Pokemon],TeamData[ATK]), _xlpm.teamSPA, _xlfn.XLOOKUP($A10,TeamData[Pokemon],TeamData[SPA]), _xlpm.teamDEF, _xlfn.XLOOKUP($A10,TeamData[Pokemon],TeamData[DEF]), _xlpm.oppATK, $AU10, _xlpm.oppDEF, $AV10, _xlpm.oppSPD, $AX10, _xlpm.heldItem, _xlfn.XLOOKUP($A10,TeamData[Pokemon],TeamData[Held Item],""), _xlpm.itemEffectType, _xlfn.XLOOKUP(_xlpm.heldItem,Items[Item],Items[EffectType],"None"), _xlpm.itemMoveType, _xlfn.XLOOKUP(_xlpm.heldItem,Items[Item],Items[MoveTypeAffected],"None"), _xlpm.itemMoveCategory, _xlfn.XLOOKUP(_xlpm.heldItem,Items[Item],Items[MoveCategoryAffected],"None"), _xlpm.itemCondition, _xlfn.XLOOKUP(_xlpm.heldItem,Items[Item],Items[Condition],"None"), _xlpm.itemMultiplier, _xlfn.XLOOKUP(_xlpm.heldItem,Items[Item],Items[Multiplier],1), _xlpm.itemMod, IF(_xlpm.itemEffectType<>"DamageMultiplier", 1, IF(AND(_xlpm.itemMoveType<>"None", _xlpm.itemMoveType=_xlpm.moveType), _xlpm.itemMultiplier, IF(AND(_xlpm.itemMoveCategory<>"None", _xlpm.itemMoveCategory=_xlpm.moveCategory), _xlpm.itemMultiplier, IF(AND(_xlpm.itemCondition="SuperEffective", _xlpm.effectiveness>1), _xlpm.itemMultiplier, 1)))), _xlpm.attackingStat, _xlfn.SWITCH(_xlpm.dmgMethod, "UseDEF", _xlpm.teamDEF, "TargetATK", _xlpm.oppATK, IF(_xlpm.moveCategory="Physical", _xlpm.teamATK*_xlpm.atkMod, _xlpm.teamSPA) ), _xlpm.defendingStat, _xlfn.SWITCH(_xlpm.dmgMethod, "TargetDEFasSPD", _xlpm.oppDEF, IF(_xlpm.moveCategory="Physical", _xlpm.oppDEF, _xlpm.oppSPD) ), IF(OR(_xlpm.movePower="Varies", _xlpm.dmgMethod="Fixed", _xlpm.dmgMethod="OHKO"), "", IFERROR(_xlpm.movePower * _xlpm.moveHits * _xlpm.effectiveness * _xlpm.stabMod * _xlpm.techMod * _xlpm.outMod * _xlpm.itemMod * _xlpm.attackingStat / _xlpm.defendingStat, "") ) )} -> 323.44374 | AT10: {=IFERROR(INDEX(Opponent[Level],MATCH(1,(Opponent[Trainer]=$B$2)*(Opponent[Battle]=$B$3)*(Opponent[Pokemon]=$B$4),0)),0)} -> 51 | AU10: {=IFERROR(((2*INDEX(Opponent[ATK],MATCH(1,(Opponent[Trainer]=$B$2)*(Opponent[Battle]=$B$3)*(Opponent[Pokemon]=$B$4),0))+31)*$AT10/100)+5,0)} -> 148.31 | AV10: {=IFERROR(((2*INDEX(Opponent[DEF],MATCH(1,(Opponent[Trainer]=$B$2)*(Opponent[Battle]=$B$3)*(Opponent[Pokemon]=$B$4),0))+31)*$AT10/100)+5,0)} -> 163.61 | AW10: {=IFERROR(((2*INDEX(Opponent[SPA],MATCH(1,(Opponent[Trainer]=$B$2)*(Opponent[Battle]=$B$3)*(Opponent[Pokemon]=$B$4),0))+31)*$AT10/100)+5,0)} -> 82.01 | AX10: {=IFERROR(((2*INDEX(Opponent[SPD],MATCH(1,(Opponent[Trainer]=$B$2)*(Opponent[Battle]=$B$3)*(Opponent[Pokemon]=$B$4),0))+31)*$AT10/100)+5,0)} -> 112.61 | AY10: {=IFERROR(((2*INDEX(Opponent[SPE],MATCH(1,(Opponent[Trainer]=$B$2)*(Opponent[Battle]=$B$3)*(Opponent[Pokemon]=$B$4),0))+31)*$AT10/100)+5,0)} -> 61.61 | AZ10: {=IFERROR(((2*INDEX(Opponent[HP],MATCH(1,(Opponent[Trainer]=$B$2)*(Opponent[Battle]=$B$3)*(Opponent[Pokemon]=$B$4),0))+31)*Table8[[#This Row],[OpponentLevel]]/100)+Table8[[#This Row],[OpponentLevel]]+10,0)} -> 153.31 | BA10: =IF(OR(Table8[[#This Row],[ApproxHP]]="",Table8[[#This Row],[ApproxHP]]=0),"",IFERROR(Table8[[#This Row],[BestMoveScoreNumeric]]/Table8[[#This Row],[ApproxHP]],"")) -> 2.1097368 | BB10: =IFERROR(VLOOKUP(A10,TeamData[],30,FALSE),"") -> 90 | BC10: {=IFERROR(INDEX(Opponent[Ability],MATCH(1,(Opponent[Pokemon]=$B$4)*(Opponent[Battle]=$B$3)*(Opponent[Trainer]=$B$2),0)),"")} -> Emergency Exit | BD10: {=IF(A10="",1,IF($BB10="",1,IF(SUMPRODUCT((AbilityRules[Ability]=$BB10)*(AbilityRules[Effect]="Immunity")*(AbilityRules[TargetType]=IFERROR(INDEX(Opponent[Move1Type],MATCH(1,(Opponent[Pokemon]=$B$4)*(Opponent[Battle]=$B$3)*(Opponent[Trainer]=$B$2),0)),"")))>0,0,IF(SUMPRODUCT((AbilityRules[Ability]=$BB10)*(AbilityRules[Effect]="Reduction")*(AbilityRules[TargetType]=IFERROR(INDEX(Opponent[Move1Type],MATCH(1,(Opponent[Pokemon]=$B$4)*(Opponent[Battle]=$B$3)*(Opponent[Trainer]=$B$2),0)),"")))>0,0.5,1))))} -> 1 | BE10: {=IF(A10="",1,IF($BB10="",1,IF(SUMPRODUCT((AbilityRules[Ability]=$BB10)*(AbilityRules[Effect]="Immunity")*(AbilityRules[TargetType]=IFERROR(INDEX(Opponent[Move2Type],MATCH(1,(Opponent[Pokemon]=$B$4)*(Opponent[Battle]=$B$3)*(Opponent[Trainer]=$B$2),0)),"")))>0,0,IF(SUMPRODUCT((AbilityRules[Ability]=$BB10)*(AbilityRules[Effect]="Reduction")*(AbilityRules[TargetType]=IFERROR(INDEX(Opponent[Move2Type],MATCH(1,(Opponent[Pokemon]=$B$4)*(Opponent[Battle]=$B$3)*(Opponent[Trainer]=$B$2),0)),"")))>0,0.5,1))))} -> 1 | BF10: {=IF(A10="",1,IF($BB10="",1,IF(SUMPRODUCT((AbilityRules[Ability]=$BB10)*(AbilityRules[Effect]="Immunity")*(AbilityRules[TargetType]=IFERROR(INDEX(Opponent[Move3Type],MATCH(1,(Opponent[Pokemon]=$B$4)*(Opponent[Battle]=$B$3)*(Opponent[Trainer]=$B$2),0)),"")))>0,0,IF(SUMPRODUCT((AbilityRules[Ability]=$BB10)*(AbilityRules[Effect]="Reduction")*(AbilityRules[TargetType]=IFERROR(INDEX(Opponent[Move3Type],MATCH(1,(Opponent[Pokemon]=$B$4)*(Opponent[Battle]=$B$3)*(Opponent[Trainer]=$B$2),0)),"")))>0,0.5,1))))} -> 1 | BG10: {=IF(A10="",1,IF($BB10="",1,IF(SUMPRODUCT((AbilityRules[Ability]=$BB10)*(AbilityRules[Effect]="Immunity")*(AbilityRules[TargetType]=IFERROR(INDEX(Opponent[Move4Type],MATCH(1,(Opponent[Pokemon]=$B$4)*(Opponent[Battle]=$B$3)*(Opponent[Trainer]=$B$2),0)),"")))>0,0,IF(SUMPRODUCT((AbilityRules[Ability]=$BB10)*(AbilityRules[Effect]="Reduction")*(AbilityRules[TargetType]=IFERROR(INDEX(Opponent[Move4Type],MATCH(1,(Opponent[Pokemon]=$B$4)*(Opponent[Battle]=$B$3)*(Opponent[Trainer]=$B$2),0)),"")))>0,0.5,1))))} -> 1 | BH10: =IF(A10="",1.5,IF($BB10="Adaptability",2,1.5)) -> 1.5 | BI10: =IF(A10="",1,IF(OR($BB10="Huge Power",$BB10="Pure Power"),2,1)) -> 1 | BJ10: =IF(A10="",1,IF(AND($BB10="Technician",IFERROR(INDEX(TeamData[Move1Power],MATCH(A10,TeamData[Pokemon],0)),0)<=60,IFERROR(INDEX(TeamData[Move1Power],MATCH(A10,TeamData[Pokemon],0)),0)>0),1.5,1)) -> 1 | BK10: =IF(A10="",1,IF(AND($BB10="Technician",IFERROR(INDEX(TeamData[Move2Power],MATCH(A10,TeamData[Pokemon],0)),0)<=60,IFERROR(INDEX(TeamData[Move2Power],MATCH(A10,TeamData[Pokemon],0)),0)>0),1.5,1)) -> 1 | BL10: =IF(A10="",1,IF(AND($BB10="Technician",IFERROR(INDEX(TeamData[Move3Power],MATCH(A10,TeamData[Pokemon],0)),0)<=60,IFERROR(INDEX(TeamData[Move3Power],MATCH(A10,TeamData[Pokemon],0)),0)>0),1.5,1)) -> 1 | BM10: =IF(A10="",1,IF(AND($BB10="Technician",IFERROR(INDEX(TeamData[Move4Power],MATCH(A10,TeamData[Pokemon],0)),0)<=60,IFERROR(INDEX(TeamData[Move4Power],MATCH(A10,TeamData[Pokemon],0)),0)>0),1.5,1)) -> 1 | BN10: {=IFERROR(INDEX(Opponent[Move1Type],MATCH(1,(Opponent[Pokemon]=$B$4)*(Opponent[Battle]=$B$3)*(Opponent[Trainer]=$B$2),0)),"")} -> Bug | BO10: {=IFERROR(INDEX(Opponent[Move2Type],MATCH(1,(Opponent[Pokemon]=$B$4)*(Opponent[Battle]=$B$3)*(Opponent[Trainer]=$B$2),0)),"")} -> Water | BP10: {=IFERROR(INDEX(Opponent[Move3Type],MATCH(1,(Opponent[Pokemon]=$B$4)*(Opponent[Battle]=$B$3)*(Opponent[Trainer]=$B$2),0)),"")} -> Normal | BQ10: {=IFERROR(INDEX(Opponent[Move4Type],MATCH(1,(Opponent[Pokemon]=$B$4)*(Opponent[Battle]=$B$3)*(Opponent[Trainer]=$B$2),0)),"")} -> Ghost | BR10: =IF(OR(A10="",BN10=""),0,IFERROR(VLOOKUP(BN10,TypeChart[],MATCH(VLOOKUP(A10,TeamData[],2,FALSE),TypeChart[#Headers],0),FALSE)*IF(VLOOKUP(A10,TeamData[],3,FALSE)="",1,VLOOKUP(BN10,TypeChart[],MATCH(VLOOKUP(A10,TeamData[],3,FALSE),TypeChart[#Headers],0),FALSE)),0)) -> 0.25 | BS10: =IF(OR(A10="",BO10=""),0,IFERROR(VLOOKUP(BO10,TypeChart[],MATCH(VLOOKUP(A10,TeamData[],2,FALSE),TypeChart[#Headers],0),FALSE)*IF(VLOOKUP(A10,TeamData[],3,FALSE)="",1,VLOOKUP(BO10,TypeChart[],MATCH(VLOOKUP(A10,TeamData[],3,FALSE),TypeChart[#Headers],0),FALSE)),0)) -> 2 | BT10: =IF(OR(A10="",BP10=""),0,IFERROR(VLOOKUP(BP10,TypeChart[],MATCH(VLOOKUP(A10,TeamData[],2,FALSE),TypeChart[#Headers],0),FALSE)*IF(VLOOKUP(A10,TeamData[],3,FALSE)="",1,VLOOKUP(BP10,TypeChart[],MATCH(VLOOKUP(A10,TeamData[],3,FALSE),TypeChart[#Headers],0),FALSE)),0)) -> 0 | BU10: =IF(OR(A10="",BQ10=""),0,IFERROR(VLOOKUP(BQ10,TypeChart[],MATCH(VLOOKUP(A10,TeamData[],2,FALSE),TypeChart[#Headers],0),FALSE)*IF(VLOOKUP(A10,TeamData[],3,FALSE)="",1,VLOOKUP(BQ10,TypeChart[],MATCH(VLOOKUP(A10,TeamData[],3,FALSE),TypeChart[#Headers],0),FALSE)),0)) -> 2 | BV10: =IF(BR10>1,1,0) -> 0 | BW10: =IF(BS10>1,1,0) -> 1 | BX10: =IF(BT10>1,1,0) -> 0 | BY10: =IF(BU10>1,1,0) -> 1 | BZ10: =BD10*IF(AND(BV10=1,OR(BB10="Filter",BB10="Solid Rock",BB10="Prism Armor")),0.75,1) -> 1 | CA10: =BE10*IF(AND(BW10=1,OR(BB10="Filter",BB10="Solid Rock",BB10="Prism Armor")),0.75,1) -> 1 | CB10: =BF10*IF(AND(BX10=1,OR(BB10="Filter",BB10="Solid Rock",BB10="Prism Armor")),0.75,1) -> 1 | CC10: =BG10*IF(AND(BY10=1,OR(BB10="Filter",BB10="Solid Rock",BB10="Prism Armor")),0.75,1) -> 1 | CD10: =IFERROR(IF(OR(AND($BC10="Levitate",O10="Ground"),AND($BC10="Flash Fire",O10="Fire"),AND($BC10="Water Absorb",O10="Water"),AND($BC10="Volt Absorb",O10="Electric"),AND($BC10="Lightning Rod",O10="Electric"),AND($BC10="Motor Drive",O10="Electric"),AND($BC10="Storm Drain",O10="Water"),AND($BC10="Sap Sipper",O10="Grass"),AND($BC10="Dry Skin",O10="Water")),0,1),1) -> 1 | CE10: =IFERROR(IF(OR(AND($BC10="Levitate",W10="Ground"),AND($BC10="Flash Fire",W10="Fire"),AND($BC10="Water Absorb",W10="Water"),AND($BC10="Volt Absorb",W10="Electric"),AND($BC10="Lightning Rod",W10="Electric"),AND($BC10="Motor Drive",W10="Electric"),AND($BC10="Storm Drain",W10="Water"),AND($BC10="Sap Sipper",W10="Grass"),AND($BC10="Dry Skin",W10="Water")),0,1),1) -> 1 | CF10: =IFERROR(IF(OR(AND($BC10="Levitate",AE10="Ground"),AND($BC10="Flash Fire",AE10="Fire"),AND($BC10="Water Absorb",AE10="Water"),AND($BC10="Volt Absorb",AE10="Electric"),AND($BC10="Lightning Rod",AE10="Electric"),AND($BC10="Motor Drive",AE10="Electric"),AND($BC10="Storm Drain",AE10="Water"),AND($BC10="Sap Sipper",AE10="Grass"),AND($BC10="Dry Skin",AE10="Water")),0,1),1) -> 1 | CG10: =IFERROR(IF(OR(AND($BC10="Levitate",AM10="Ground"),AND($BC10="Flash Fire",AM10="Fire"),AND($BC10="Water Absorb",AM10="Water"),AND($BC10="Volt Absorb",AM10="Electric"),AND($BC10="Lightning Rod",AM10="Electric"),AND($BC10="Motor Drive",AM10="Electric"),AND($BC10="Storm Drain",AM10="Water"),AND($BC10="Sap Sipper",AM10="Grass"),AND($BC10="Dry Skin",AM10="Water")),0,1),1) -> 1 | CH10: =IF(A10="",0,IF(OR(BZ10=0,CA10=0,CB10=0,CC10=0),1,0)) -> 0 | CI10: =IF(A10="","",CU10) -> 0 | CJ10: =IF(A10="",0,IF(F10<MAX($F$10:$F$15)*0.5,1,0)) -> 0 | CK10: =IF(A10="",0,IF(E10>AVERAGEIF($A$10:$A$15,"<>",$E$10:$E$15)*1.5,1,0)) -> #DIV/0! | CL10: =IF(A10="","",IF(AND(CR10=1,G10=CS10,CQ10=1),0,IF(CH10=1,1,IF(AND(CI10=1,OR(BR10=0,BS10=0,BT10=0,BU10=0),F10=MIN($F$10:$F$15)),2,IF(AND(CM10>1.3,CN10>1.3),3,IF(AND(CM10>=CN10*0.9,CM10>1.2),4,IF(AND(CN10>CM10*1.1,CN10>1.2),5,IF(G10>=0.8,6,7)))))))) -> 6 | CM10: =IF(OR(A10="", FU10=""), "", FU10 / IF(LARGE($FU$10:$FU$15, 2) = 0, 1, LARGE($FU$10:$FU$15, 2))) -> 1 | CN10: {=IF(OR(A10="", FV10="", FV10=0), "", SMALL(IF($A$10:$A$15<>"", $FV$10:$FV$15), 2) / FV10)} -> 0.60784314 | CO10: =IF(OR(A10="",C10=""),0,IF(OR(IFERROR(VLOOKUP(C10,TypeChart[],MATCH($N$2,TypeChart[#Headers],0),FALSE),1)>1,IF($O$2="",FALSE,IFERROR(VLOOKUP(C10,TypeChart[],MATCH($O$2,TypeChart[#Headers],0),FALSE),1)>1)),1,0)) -> 1 | CP10: =IF(A10="","",IF(AND(CO10=1,OR(C10=INDEX(TeamData[Type1],MATCH(A10,TeamData[Pokemon],0)),C10=INDEX(TeamData[Type2],MATCH(A10,TeamData[Pokemon],0)))),1,0)) -> 1 | CQ10: =IF(A10="","",IF(AND(E10>300,G10>10),1,0)) -> 0 | CR10: =IF(SUM($CQ$10:$CQ$15)>0,1,0) -> 0 | CS10: =IF(SUM($CQ$10:$CQ$15)=0,"",_xlfn.MAXIFS($G$10:$G$15,$CQ$10:$CQ$15,1)) | CT10: =IF(A10="","",CV10) | CU10: {=IF(A10="","", IF(OR( AND(OR(BR10=0,BD10=0),IFERROR(INDEX(Opponent[Move1Power],MATCH(1,(Opponent[Pokemon]=$B$4)*(Opponent[Battle]=$B$3)*(Opponent[Trainer]=$B$2),0))*1,0)>=CX10,IFERROR(INDEX(Opponent[Move1Power],MATCH(1,(Opponent[Pokemon]=$B$4)*(Opponent[Battle]=$B$3)*(Opponent[Trainer]=$B$2),0))*1,0)>0), AND(OR(BS10=0,BE10=0),IFERROR(INDEX(Opponent[Move2Power],MATCH(1,(Opponent[Pokemon]=$B$4)*(Opponent[Battle]=$B$3)*(Opponent[Trainer]=$B$2),0))*1,0)>=CX10,IFERROR(INDEX(Opponent[Move2Power],MATCH(1,(Opponent[Pokemon]=$B$4)*(Opponent[Battle]=$B$3)*(Opponent[Trainer]=$B$2),0))*1,0)>0), AND(OR(BT10=0,BF10=0),IFERROR(INDEX(Opponent[Move3Power],MATCH(1,(Opponent[Pokemon]=$B$4)*(Opponent[Battle]=$B$3)*(Opponent[Trainer]=$B$2),0))*1,0)>=CX10,IFERROR(INDEX(Opponent[Move3Power],MATCH(1,(Opponent[Pokemon]=$B$4)*(Opponent[Battle]=$B$3)*(Opponent[Trainer]=$B$2),0))*1,0)>0), AND(OR(BU10=0,BG10=0),IFERROR(INDEX(Opponent[Move4Power],MATCH(1,(Opponent[Pokemon]=$B$4)*(Opponent[Battle]=$B$3)*(Opponent[Trainer]=$B$2),0))*1,0)>=CX10,IFERROR(INDEX(Opponent[Move4Power],MATCH(1,(Opponent[Pokemon]=$B$4)*(Opponent[Battle]=$B$3)*(Opponent[Trainer]=$B$2),0))*1,0)>0) ),1,0))} -> 0 | CV10: {=IF(CU10=0,"", IF(AND(OR(BR10=0,BD10=0),IFERROR(INDEX(Opponent[Move1Power],MATCH(1,(Opponent[Pokemon]=$B$4)*(Opponent[Battle]=$B$3)*(Opponent[Trainer]=$B$2),0))*1,0)>0),BN10, IF(AND(OR(BS10=0,BE10=0),IFERROR(INDEX(Opponent[Move2Power],MATCH(1,(Opponent[Pokemon]=$B$4)*(Opponent[Battle]=$B$3)*(Opponent[Trainer]=$B$2),0))*1,0)>0),BO10, IF(AND(OR(BT10=0,BF10=0),IFERROR(INDEX(Opponent[Move3Power],MATCH(1,(Opponent[Pokemon]=$B$4)*(Opponent[Battle]=$B$3)*(Opponent[Trainer]=$B$2),0))*1,0)>0),BP10, IF(AND(OR(BU10=0,BG10=0),IFERROR(INDEX(Opponent[Move4Power],MATCH(1,(Opponent[Pokemon]=$B$4)*(Opponent[Battle]=$B$3)*(Opponent[Trainer]=$B$2),0))*1,0)>0),BQ10,"")))))} | CW10: =RANK(F10,$F$10:$F$15,1) -> #N/A | CX10: =IF(A10="","", VALUE(IFERROR(VLOOKUP(LEFT(H10,FIND(" (",H10)-1),MoveData[],2,FALSE),0))) -> 85 | CY10: {=INDEX(Opponent[Move3Power],MATCH(1,(Opponent[Pokemon]=$B$4)*(Opponent[Battle]=$B$3)*(Opponent[Trainer]=$B$2),0))} -> 0 | CZ10: {=AND(BT10=0,IFERROR(INDEX(Opponent[Move3Power],MATCH(1,(Opponent[Pokemon]=$B$4)*(Opponent[Battle]=$B$3)*(Opponent[Trainer]=$B$2),0)),0)>=CX10,IFERROR(INDEX(Opponent[Move3Power],MATCH(1,(Opponent[Pokemon]=$B$4)*(Opponent[Battle]=$B$3)*(Opponent[Trainer]=$B$2),0)),0)>0)} -> FALSE | DA10: =80>=CX10 -> FALSE | DB10: =ISNUMBER(CX10) -> TRUE | DC10: =INDEX(TeamData[SPE],MATCH(Calculator[[#This Row],[Team Member]],TeamData[Pokemon],0))<Table8[[#This Row],[ApproxSPE]] -> FALSE | DD10: =_xlfn.LET( _xlpm.teamHP, INDEX(TeamData[HP], MATCH(Calculator[[#This Row],[Team Member]], TeamData[Pokemon], 0)), _xlpm.incomingScore, Table8[[#This Row],[IncomingWorstScoreNumeric]], IF(OR(_xlpm.teamHP="", _xlpm.teamHP=0), "", IFERROR(_xlpm.incomingScore/_xlpm.teamHP, "")) ) -> 1.9181908 | DE10: =_xlfn.LET( _xlpm.teamSPE, INDEX(TeamData[SPE], MATCH(Calculator[[#This Row],[Team Member]], TeamData[Pokemon], 0)), _xlpm.opponentSPE, Table8[[#This Row],[ApproxSPE]], _xlpm.teamSPE < _xlpm.opponentSPE ) -> FALSE | DF10: {=_xlfn.LET( _xlpm.trainer, $B$2, _xlpm.battle, $B$3, _xlpm.pokemon, $B$4, _xlpm.matchRow, MATCH(1, (Opponent[Trainer]=_xlpm.trainer)*(Opponent[Battle]=_xlpm.battle)*(Opponent[Pokemon]=_xlpm.pokemon), 0), _xlpm.move1, INDEX(Opponent[Move1], _xlpm.matchRow), _xlpm.move2, INDEX(Opponent[Move2], _xlpm.matchRow), _xlpm.move3, INDEX(Opponent[Move3], _xlpm.matchRow), _xlpm.move4, INDEX(Opponent[Move4], _xlpm.matchRow), _xlpm.hasGMax, OR(LEFT(_xlpm.move1,5)="G-Max", LEFT(_xlpm.move2,5)="G-Max", LEFT(_xlpm.move3,5)="G-Max", LEFT(_xlpm.move4,5)="G-Max"), _xlpm.hasMax, OR(LEFT(_xlpm.move1,4)="Max ", LEFT(_xlpm.move2,4)="Max ", LEFT(_xlpm.move3,4)="Max ", LEFT(_xlpm.move4,4)="Max "), _xlpm.isDmax, OR(_xlpm.hasGMax, _xlpm.hasMax), _xlpm.offensiveThreshold, IF(_xlpm.isDmax, 2, 1), _xlpm.meetsOffensiveOHKO, Table8[[#This Row],[BestMoveHPRatio]]>=_xlpm.offensiveThreshold, AND(Table8[[#This Row],[TeamMovesSecond]], _xlpm.meetsOffensiveOHKO, Table8[[#This Row],[LikelySurvivesFirstHit]]) )} -> FALSE | DG10: {=_xlfn.LET( _xlpm.trainer, $B$2, _xlpm.battle, $B$3, _xlpm.pokemon, $B$4, _xlpm.matchRow, MATCH(1, (Opponent[Trainer]=_xlpm.trainer)*(Opponent[Battle]=_xlpm.battle)*(Opponent[Pokemon]=_xlpm.pokemon), 0), _xlpm.move1, INDEX(Opponent[Move1], _xlpm.matchRow), _xlpm.move2, INDEX(Opponent[Move2], _xlpm.matchRow), _xlpm.move3, INDEX(Opponent[Move3], _xlpm.matchRow), _xlpm.move4, INDEX(Opponent[Move4], _xlpm.matchRow), _xlpm.hasGMax, OR(LEFT(_xlpm.move1,5)="G-Max", LEFT(_xlpm.move2,5)="G-Max", LEFT(_xlpm.move3,5)="G-Max", LEFT(_xlpm.move4,5)="G-Max"), _xlpm.hasMax, OR(LEFT(_xlpm.move1,4)="Max ", LEFT(_xlpm.move2,4)="Max ", LEFT(_xlpm.move3,4)="Max ", LEFT(_xlpm.move4,4)="Max "), IF(_xlpm.hasGMax, "G-Max", IF(_xlpm.hasMax, "Dmax", "")) )} | DH10: =IF(Calculator[[#This Row],[Team Member]]="","",_xlfn.LET( _xlpm.opponentSPE, Table8[[#This Row],[ApproxSPE]], _xlpm.teamSPE, INDEX(TeamData[SPE], MATCH(Calculator[[#This Row],[Team Member]], TeamData[Pokemon], 0)), _xlpm.isFaster, _xlpm.teamSPE>_xlpm.opponentSPE, _xlpm.hpRatio, Table8[[#This Row],[BestMoveHPRatio]], _xlpm.teamMovesSecond, Table8[[#This Row],[TeamMovesSecond]], _xlpm.likelySurvives, Table8[[#This Row],[LikelySurvivesFirstHit]], _xlpm.incomingScore, Table8[[#This Row],[IncomingWorstScoreNumeric]], _xlpm.hasIncomingDamage, _xlpm.incomingScore>0, _xlpm.isDmax, Table8[[#This Row],[DmaxNote]]<>"", _xlpm.likelyThreshold, IF(_xlpm.isDmax, 6.5, 3), _xlpm.possibleThreshold, IF(_xlpm.isDmax, 4.5, 2), _xlpm.meetsLikelyOHKO, _xlpm.hpRatio>=_xlpm.likelyThreshold, _xlpm.meetsPossibleOHKO, _xlpm.hpRatio>=_xlpm.possibleThreshold, IF(AND(_xlpm.teamMovesSecond, _xlpm.hasIncomingDamage, _xlpm.likelySurvives, _xlpm.meetsLikelyOHKO), "Likely Survival OHKO", IF(AND(_xlpm.teamMovesSecond, _xlpm.hasIncomingDamage, _xlpm.likelySurvives, _xlpm.meetsPossibleOHKO), "Possible Survival OHKO", IF(OR(_xlpm.isFaster, NOT(_xlpm.hasIncomingDamage)), IF(_xlpm.meetsLikelyOHKO, "Likely OHKO", IF(_xlpm.meetsPossibleOHKO, "Possible OHKO", "")), "" ))) )) -> Possible OHKO | DI10: ="" | DJ10: ="" | DL10: =IFERROR(VLOOKUP(N10,MoveData[],9,FALSE),"") -> Standard | DM10: =IFERROR(VLOOKUP(V10,MoveData[],9,FALSE),"") -> Variable | DN10: =IFERROR(VLOOKUP(AD10,MoveData[],9,FALSE),"") -> 0 | DO10: =IFERROR(VLOOKUP(AL10,MoveData[],9,FALSE),"") -> Standard | DP10: {=IFERROR(VLOOKUP(INDEX(Opponent[Move1],MATCH(1,(Opponent[Pokemon]=$B$4)*(Opponent[Battle]=$B$3),0)),MoveData[],9,FALSE),"")} -> Standard | DQ10: {=IFERROR(VLOOKUP(INDEX(Opponent[Move2],MATCH(1,(Opponent[Pokemon]=$B$4)*(Opponent[Battle]=$B$3),0)),MoveData[],9,FALSE),"")} -> Standard | DR10: {=IFERROR(VLOOKUP(INDEX(Opponent[Move3],MATCH(1,(Opponent[Pokemon]=$B$4)*(Opponent[Battle]=$B$3),0)),MoveData[],9,FALSE),"")} -> 0 | DS10: {=IFERROR(VLOOKUP(INDEX(Opponent[Move4],MATCH(1,(Opponent[Pokemon]=$B$4)*(Opponent[Battle]=$B$3),0)),MoveData[],9,FALSE),"")} -> Standard | DT10: =IFERROR(VLOOKUP(Calculator[[#This Row],[Best Move]],MoveData[],8,FALSE),0) -> 0 | DU10: =IF(H10="",0,IFERROR(VLOOKUP(LEFT(H10,FIND(" (",H10)-1),MoveData[],8,FALSE),0)) -> 0 | DV10: =IF(AND(DT10>0,DU10>0),"Both sides have priority",IF(DT10>0,"Best move has priority",IF(DU10>0,"Opponent has priority",""))) | DW10: =IF(A10="",FALSE,MAX(BR10:BU10)=0) -> FALSE | DX10: {=IFERROR(VALUE(_xlfn.XLOOKUP($B$4&$B$3,Opponent[Pokemon]&Opponent[Battle],Opponent[Move1Power])),0)} -> 90 | DY10: {=IFERROR(VALUE(_xlfn.XLOOKUP($B$4&$B$3,Opponent[Pokemon]&Opponent[Battle],Opponent[Move2Power])),0)} -> 85 | DZ10: {=IFERROR(VALUE(_xlfn.XLOOKUP($B$4&$B$3,Opponent[Pokemon]&Opponent[Battle],Opponent[Move3Power])),0)} -> 0 | EA10: {=IFERROR(VALUE(_xlfn.XLOOKUP($B$4&$B$3,Opponent[Pokemon]&Opponent[Battle],Opponent[Move4Power])),0)} -> 70 | EB10: =MATCH(MAX(DX10:EA10),DX10:EA10,0) -> 1 | EC10: {=IF(NOT(DW10),"",_xlfn.XLOOKUP($B$4&$B$3,Opponent[Pokemon]&Opponent[Battle],CHOOSE(EB10,Opponent[Move1],Opponent[Move2],Opponent[Move3],Opponent[Move4]))&" ("&_xlfn.XLOOKUP($B$4&$B$3,Opponent[Pokemon]&Opponent[Battle],CHOOSE(EB10,Opponent[Move1Category],Opponent[Move2Category],Opponent[Move3Category],Opponent[Move4Category]))&")")} | ED10: =IF(EC10<>"",EC10,H10) -> Liquidation (Physical) | EE10: =IF(A10="","",IF(E10=U10,Q10,IF(E10=AC10,Y10,IF(E10=AK10,AG10,IF(E10=AS10,AO10,""))))) | EF10: {=IFERROR(_xlfn.XLOOKUP($B$4&$B$3,Opponent[Pokemon]&Opponent[Battle],Opponent[Move1]),"")} -> First Impression | EG10: {=IFERROR(_xlfn.XLOOKUP($B$4&$B$3,Opponent[Pokemon]&Opponent[Battle],Opponent[Move2]),"")} -> Liquidation | EH10: {=IFERROR(_xlfn.XLOOKUP($B$4&$B$3,Opponent[Pokemon]&Opponent[Battle],Opponent[Move3]),"")} -> Swords Dance | EI10: {=IFERROR(_xlfn.XLOOKUP($B$4&$B$3,Opponent[Pokemon]&Opponent[Battle],Opponent[Move4]),"")} -> Shadow Claw | EJ10: =IFERROR(_xlfn.XLOOKUP(EF10,MoveData[Move],MoveData[ActivationCondition]),"Always") -> RequiresFirstTurn | EK10: =IFERROR(_xlfn.XLOOKUP(EG10,MoveData[Move],MoveData[ActivationCondition]),"Always") -> Always | EL10: =IFERROR(_xlfn.XLOOKUP(EH10,MoveData[Move],MoveData[ActivationCondition]),"Always") -> Always | EM10: =IFERROR(_xlfn.XLOOKUP(EI10,MoveData[Move],MoveData[ActivationCondition]),"Always") -> Always | EN10: =IF(EJ10="RequiresTargetPhysicalMove",EE10="Physical",IF(EJ10="RequiresTargetSpecialMove",EE10="Special",IF(EJ10="RequiresTargetDamagingMove",OR(EE10="Physical",EE10="Special"),TRUE))) -> TRUE | EO10: =IF(EK10="RequiresTargetPhysicalMove",EE10="Physical",IF(EK10="RequiresTargetSpecialMove",EE10="Special",IF(EK10="RequiresTargetDamagingMove",OR(EE10="Physical",EE10="Special"),TRUE))) -> TRUE | EP10: =IF(EL10="RequiresTargetPhysicalMove",EE10="Physical",IF(EL10="RequiresTargetSpecialMove",EE10="Special",IF(EL10="RequiresTargetDamagingMove",OR(EE10="Physical",EE10="Special"),TRUE))) -> TRUE | EQ10: =IF(EM10="RequiresTargetPhysicalMove",EE10="Physical",IF(EM10="RequiresTargetSpecialMove",EE10="Special",IF(EM10="RequiresTargetDamagingMove",OR(EE10="Physical",EE10="Special"),TRUE))) -> TRUE | ER10: =IF(A10="","", _xlfn.LET( _xlpm.bestMove, B10, _xlpm.bestMoveContact, IFERROR(_xlfn.XLOOKUP(_xlpm.bestMove, MoveData[Move], MoveData[MakesContact]), FALSE), _xlpm.bestMoveCategory, IFERROR(_xlfn.XLOOKUP(_xlpm.bestMove, MoveData[Move], MoveData[Category]), ""), _xlpm.oppMove1Cond, EJ10, _xlpm.oppMove2Cond, EK10, _xlpm.oppMove3Cond, EL10, _xlpm.oppMove4Cond, EM10, _xlpm.oppMove1, EF10, _xlpm.oppMove2, EG10, _xlpm.oppMove3, EH10, _xlpm.oppMove4, EI10, _xlpm.contactRisk, AND( _xlpm.bestMoveContact = TRUE, OR(_xlpm.oppMove1Cond="RequiresTargetContactMove", _xlpm.oppMove2Cond="RequiresTargetContactMove", _xlpm.oppMove3Cond="RequiresTargetContactMove", _xlpm.oppMove4Cond="RequiresTargetContactMove") ), _xlpm.physicalRisk, AND( _xlpm.bestMoveCategory = "Physical", OR(_xlpm.oppMove1Cond="RequiresTargetPhysicalMove", _xlpm.oppMove2Cond="RequiresTargetPhysicalMove", _xlpm.oppMove3Cond="RequiresTargetPhysicalMove", _xlpm.oppMove4Cond="RequiresTargetPhysicalMove") ), _xlpm.riskMove, IF(_xlpm.contactRisk, IF(_xlpm.oppMove1Cond="RequiresTargetContactMove", _xlpm.oppMove1, IF(_xlpm.oppMove2Cond="RequiresTargetContactMove", _xlpm.oppMove2, IF(_xlpm.oppMove3Cond="RequiresTargetContactMove", _xlpm.oppMove3, _xlpm.oppMove4))), IF(_xlpm.physicalRisk, IF(_xlpm.oppMove1Cond="RequiresTargetPhysicalMove", _xlpm.oppMove1, IF(_xlpm.oppMove2Cond="RequiresTargetPhysicalMove", _xlpm.oppMove2, IF(_xlpm.oppMove3Cond="RequiresTargetPhysicalMove", _xlpm.oppMove3, _xlpm.oppMove4))), "" ) ), IF(OR(_xlpm.contactRisk, _xlpm.physicalRisk), _xlpm.riskMove & " risk", "") ) ) | ES10: =IF(Calculator[[#This Row],[Team Member]]="","",_xlfn.LET( _xlpm.isImmune, DW10, _xlpm.incomingRatio, DD10, _xlpm.likelyThreshold, 3, _xlpm.possibleThreshold, 2, _xlpm.meetsLikelyIncoming, _xlpm.incomingRatio>=_xlpm.likelyThreshold, _xlpm.meetsPossibleIncoming, _xlpm.incomingRatio>=_xlpm.possibleThreshold, IF(_xlpm.isImmune, "", IF(_xlpm.meetsLikelyIncoming, "Likely Incoming OHKO", IF(_xlpm.meetsPossibleIncoming, "Possible Incoming OHKO", ""))) )) | ET10: =IF(A10="","",_xlfn.LET( _xlpm.opponentAbility, BC10, _xlpm.bestMove, B10, _xlpm.ohkoNote, DH10, _xlpm.tacticalEffect, IFERROR(_xlfn.XLOOKUP(_xlpm.opponentAbility, AbilityRules[Ability], AbilityRules[Effect]), ""), _xlpm.tacticalTargetType, IFERROR(_xlfn.XLOOKUP(_xlpm.opponentAbility, AbilityRules[Ability], AbilityRules[TargetType]), ""), _xlpm.bestMoveMakesContact, IFERROR(_xlfn.XLOOKUP(_xlpm.bestMove, MoveData[Move], MoveData[MakesContact]), FALSE), _xlpm.hasOHKONote, OR( ISNUMBER(SEARCH("Likely OHKO", _xlpm.ohkoNote)), ISNUMBER(SEARCH("Possible OHKO", _xlpm.ohkoNote)), ISNUMBER(SEARCH("Survival OHKO", _xlpm.ohkoNote)) ), IF(_xlpm.tacticalEffect<>"Tactical", "", IF(AND(_xlpm.tacticalTargetType="Contact", _xlpm.bestMoveMakesContact=TRUE), _xlpm.opponentAbility&" risk", IF(_xlpm.tacticalTargetType="Faint", _xlpm.opponentAbility&" risk", IF(AND(_xlpm.tacticalTargetType="OHKO", _xlpm.hasOHKONote), "Sturdy may prevent OHKO", ""))) ) )) | EU10: =IFERROR(VLOOKUP(Table8[[#This Row],[Move1]], MoveData[[Move]:[ActivationPowerMultiplier]], 11, FALSE), "Always") -> Always | EV10: =IFERROR(VLOOKUP(Table8[[#This Row],[Move1]], MoveData[[Move]:[ActivationPowerMultiplier]], 13, FALSE), 1) -> 1 | EW10: =IF(AND(Table8[[#This Row],[Move1ActCond]]<>"Always", LEFT(Table8[[#This Row],[Move1ActCond]],4)="Targ"), Table8[[#This Row],[Move1Score]]*Table8[[#This Row],[Move1ActMult]], 0) -> 0 | EX10: =IFERROR(VLOOKUP(Table8[[#This Row],[Move2]], MoveData[[Move]:[ActivationPowerMultiplier]], 11, FALSE), "Always") -> TargetAnyStatus | EY10: =IFERROR(VLOOKUP(Table8[[#This Row],[Move2]], MoveData[[Move]:[ActivationPowerMultiplier]], 13, FALSE), 1) -> 2 | EZ10: =IF(AND(Table8[[#This Row],[Move2ActCond]]<>"Always", LEFT(Table8[[#This Row],[Move2ActCond]],4)="Targ"), Table8[[#This Row],[Move2Score]]*Table8[[#This Row],[Move2ActMult]], 0) -> 368.83936 | FA10: =IFERROR(VLOOKUP(Table8[[#This Row],[Move3]], MoveData[[Move]:[ActivationPowerMultiplier]], 11, FALSE), "Always") -> Always | FB10: =IFERROR(VLOOKUP(Table8[[#This Row],[Move3]], MoveData[[Move]:[ActivationPowerMultiplier]], 13, FALSE), 1) -> 1 | FC10: =IF(AND(Table8[[#This Row],[Move3ActCond]]<>"Always", LEFT(Table8[[#This Row],[Move3ActCond]],4)="Targ"), Table8[[#This Row],[Move3Score]]*Table8[[#This Row],[Move3ActMult]], 0) -> 0 | FD10: =IFERROR(VLOOKUP(Table8[[#This Row],[Move4]], MoveData[[Move]:[ActivationPowerMultiplier]], 11, FALSE), "Always") -> Always | FE10: =IFERROR(VLOOKUP(Table8[[#This Row],[Move4]], MoveData[[Move]:[ActivationPowerMultiplier]], 13, FALSE), 1) -> 1 | FF10: =IF(AND(Table8[[#This Row],[Move4ActCond]]<>"Always", LEFT(Table8[[#This Row],[Move4ActCond]],4)="Targ"), Table8[[#This Row],[Move4Score]]*Table8[[#This Row],[Move4ActMult]], 0) -> 0 | FG10: {=_xlfn.LET( _xlpm.cond1, Table8[[#This Row],[Move1ActCond]], _xlpm.cond2, Table8[[#This Row],[Move2ActCond]], _xlpm.cond3, Table8[[#This Row],[Move3ActCond]], _xlpm.cond4, Table8[[#This Row],[Move4ActCond]], _xlpm.hasConditional, OR(_xlpm.cond1<>"Always", _xlpm.cond2<>"Always", _xlpm.cond3<>"Always", _xlpm.cond4<>"Always"), IF(NOT(_xlpm.hasConditional), FALSE, _xlfn.LET( _xlpm.reqStatuses, IFERROR(_xlfn._xlws.FILTER(ConditionRequirements[RequiredStatus], (ConditionRequirements[ActivationCondition]=_xlpm.cond1)+ (ConditionRequirements[ActivationCondition]=_xlpm.cond2)+ (ConditionRequirements[ActivationCondition]=_xlpm.cond3)+ (ConditionRequirements[ActivationCondition]=_xlpm.cond4)), "None"), IF(ROWS(_xlpm.reqStatuses)=1, IF(_xlpm.reqStatuses="None", FALSE, SUMPRODUCT( (IFERROR(_xlfn.XLOOKUP(TeamData[Move1], MoveData[Move], MoveData[StatusEffect], ""), "")=_xlpm.reqStatuses)+ (IFERROR(_xlfn.XLOOKUP(TeamData[Move2], MoveData[Move], MoveData[StatusEffect], ""), "")=_xlpm.reqStatuses)+ (IFERROR(_xlfn.XLOOKUP(TeamData[Move3], MoveData[Move], MoveData[StatusEffect], ""), "")=_xlpm.reqStatuses)+ (IFERROR(_xlfn.XLOOKUP(TeamData[Move4], MoveData[Move], MoveData[StatusEffect], ""), "")=_xlpm.reqStatuses) )>0 ), SUMPRODUCT( MMULT( (IFERROR(_xlfn.XLOOKUP(TeamData[Move1], MoveData[Move], MoveData[StatusEffect], ""), "")=TRANSPOSE(_xlpm.reqStatuses))+ (IFERROR(_xlfn.XLOOKUP(TeamData[Move2], MoveData[Move], MoveData[StatusEffect], ""), "")=TRANSPOSE(_xlpm.reqStatuses))+ (IFERROR(_xlfn.XLOOKUP(TeamData[Move3], MoveData[Move], MoveData[StatusEffect], ""), "")=TRANSPOSE(_xlpm.reqStatuses))+ (IFERROR(_xlfn.XLOOKUP(TeamData[Move4], MoveData[Move], MoveData[StatusEffect], ""), "")=TRANSPOSE(_xlpm.reqStatuses)), _xlfn.SEQUENCE(ROWS(_xlpm.reqStatuses),1,1,0) ) )>0 ) ) ) )} -> TRUE | FH10: {=IF(NOT(Table8[[#This Row],[TeamCanStatus]]), "", _xlfn.LET( _xlpm.scores, _xlfn.HSTACK(Table8[[#This Row],[Move1BoostedScore]], Table8[[#This Row],[Move2BoostedScore]], Table8[[#This Row],[Move3BoostedScore]], Table8[[#This Row],[Move4BoostedScore]]), _xlpm.moves, _xlfn.HSTACK(Table8[[#This Row],[Move1]], Table8[[#This Row],[Move2]], Table8[[#This Row],[Move3]], Table8[[#This Row],[Move4]]), _xlpm.maxScore, MAX(_xlpm.scores), IF(_xlpm.maxScore=0, "", INDEX(_xlpm.moves, MATCH(_xlpm.maxScore, _xlpm.scores, 0))) ) )} -> Hex | FI10: =IF(NOT(Table8[[#This Row],[TeamCanStatus]]), 0, MAX(Table8[[#This Row],[Move1BoostedScore]], Table8[[#This Row],[Move2BoostedScore]], Table8[[#This Row],[Move3BoostedScore]], Table8[[#This Row],[Move4BoostedScore]])) -> 368.83936 | FJ10: =IF(ISNUMBER(SEARCH("Likely", Table8[[#This Row],[IncomingOHKONote]])), "", IF(AND(Table8[[#This Row],[TeamCanStatus]], Table8[[#This Row],[BestBoostedScore]]>Table8[[#This Row],[BestMoveScoreNumeric]]), "Status-boosted "&Table8[[#This Row],[BestConditionalMove]]&" possible", "")) -> Status-boosted Hex possible | FK10: =OR(Table8[[#This Row],[Move1]]="Body Press", Table8[[#This Row],[Move2]]="Body Press", Table8[[#This Row],[Move3]]="Body Press", Table8[[#This Row],[Move4]]="Body Press") -> FALSE | FL10: =MAX( IFERROR(_xlfn.XLOOKUP(Table8[[#This Row],[Move1]], MoveData[Move], MoveData[DefStageChange], 0), 0), IFERROR(_xlfn.XLOOKUP(Table8[[#This Row],[Move2]], MoveData[Move], MoveData[DefStageChange], 0), 0), IFERROR(_xlfn.XLOOKUP(Table8[[#This Row],[Move3]], MoveData[Move], MoveData[DefStageChange], 0), 0), IFERROR(_xlfn.XLOOKUP(Table8[[#This Row],[Move4]], MoveData[Move], MoveData[DefStageChange], 0), 0) ) -> 0 | FM10: {=IF(AND(Table8[[#This Row],[HasBodyPress]], Table8[[#This Row],[MaxDefBoost]]>0), _xlfn.LET( _xlpm.baseScore, _xlfn.SWITCH(TRUE, Table8[[#This Row],[Move1]]="Body Press", Table8[[#This Row],[Move1Score]], Table8[[#This Row],[Move2]]="Body Press", Table8[[#This Row],[Move2Score]], Table8[[#This Row],[Move3]]="Body Press", Table8[[#This Row],[Move3Score]], Table8[[#This Row],[Move4]]="Body Press", Table8[[#This Row],[Move4Score]], 0 ), _xlpm.stageMultiplier, (2 + Table8[[#This Row],[MaxDefBoost]]) / 2, _xlpm.baseScore * _xlpm.stageMultiplier ), "" )} | FN10: =IF(ISNUMBER(SEARCH("Likely", Table8[[#This Row],[IncomingOHKONote]])), "", IF(AND(Table8[[#This Row],[BoostedBodyPressScore]]<>"", Table8[[#This Row],[BoostedBodyPressScore]] > Table8[[#This Row],[BestMoveScoreNumeric]]), "Defense-boosted Body Press possible", "")) | FO10: =_xlfn.LET( _xlpm.heldItem, _xlfn.XLOOKUP($A10,TeamData[Pokemon],TeamData[Held Item],""), _xlpm.itemEffectType, _xlfn.XLOOKUP(_xlpm.heldItem,Items[Item],Items[EffectType],"None"), _xlpm.itemMoveType, _xlfn.XLOOKUP(_xlpm.heldItem,Items[Item],Items[MoveTypeAffected],"None"), _xlpm.itemMoveCategory, _xlfn.XLOOKUP(_xlpm.heldItem,Items[Item],Items[MoveCategoryAffected],"None"), _xlpm.itemCondition, _xlfn.XLOOKUP(_xlpm.heldItem,Items[Item],Items[Condition],"None"), _xlpm.moveType, O10, _xlpm.moveCategory, Q10, _xlpm.effectiveness, R10, IF(_xlpm.itemEffectType<>"DamageMultiplier", FALSE, IF(AND(_xlpm.itemMoveType<>"None", _xlpm.itemMoveType=_xlpm.moveType), TRUE, IF(AND(_xlpm.itemMoveCategory<>"None", _xlpm.itemMoveCategory=_xlpm.moveCategory), TRUE, IF(AND(_xlpm.itemCondition="SuperEffective", _xlpm.effectiveness>1), TRUE, FALSE)))) ) -> FALSE | FP10: =_xlfn.LET( _xlpm.heldItem, _xlfn.XLOOKUP($A10,TeamData[Pokemon],TeamData[Held Item],""), _xlpm.itemEffectType, _xlfn.XLOOKUP(_xlpm.heldItem,Items[Item],Items[EffectType],"None"), _xlpm.itemMoveType, _xlfn.XLOOKUP(_xlpm.heldItem,Items[Item],Items[MoveTypeAffected],"None"), _xlpm.itemMoveCategory, _xlfn.XLOOKUP(_xlpm.heldItem,Items[Item],Items[MoveCategoryAffected],"None"), _xlpm.itemCondition, _xlfn.XLOOKUP(_xlpm.heldItem,Items[Item],Items[Condition],"None"), _xlpm.moveType, W10, _xlpm.moveCategory, Y10, _xlpm.effectiveness, Z10, IF(_xlpm.itemEffectType<>"DamageMultiplier", FALSE, IF(AND(_xlpm.itemMoveType<>"None", _xlpm.itemMoveType=_xlpm.moveType), TRUE, IF(AND(_xlpm.itemMoveCategory<>"None", _xlpm.itemMoveCategory=_xlpm.moveCategory), TRUE, IF(AND(_xlpm.itemCondition="SuperEffective", _xlpm.effectiveness>1), TRUE, FALSE)))) ) -> FALSE | FQ10: =_xlfn.LET( _xlpm.heldItem, _xlfn.XLOOKUP($A10,TeamData[Pokemon],TeamData[Held Item],""), _xlpm.itemEffectType, _xlfn.XLOOKUP(_xlpm.heldItem,Items[Item],Items[EffectType],"None"), _xlpm.itemMoveType, _xlfn.XLOOKUP(_xlpm.heldItem,Items[Item],Items[MoveTypeAffected],"None"), _xlpm.itemMoveCategory, _xlfn.XLOOKUP(_xlpm.heldItem,Items[Item],Items[MoveCategoryAffected],"None"), _xlpm.itemCondition, _xlfn.XLOOKUP(_xlpm.heldItem,Items[Item],Items[Condition],"None"), _xlpm.moveType, AE10, _xlpm.moveCategory, AG10, _xlpm.effectiveness, AH10, IF(_xlpm.itemEffectType<>"DamageMultiplier", FALSE, IF(AND(_xlpm.itemMoveType<>"None", _xlpm.itemMoveType=_xlpm.moveType), TRUE, IF(AND(_xlpm.itemMoveCategory<>"None", _xlpm.itemMoveCategory=_xlpm.moveCategory), TRUE, IF(AND(_xlpm.itemCondition="SuperEffective", _xlpm.effectiveness>1), TRUE, FALSE)))) ) -> TRUE | FR10: =_xlfn.LET( _xlpm.heldItem, _xlfn.XLOOKUP($A10,TeamData[Pokemon],TeamData[Held Item],""), _xlpm.itemEffectType, _xlfn.XLOOKUP(_xlpm.heldItem,Items[Item],Items[EffectType],"None"), _xlpm.itemMoveType, _xlfn.XLOOKUP(_xlpm.heldItem,Items[Item],Items[MoveTypeAffected],"None"), _xlpm.itemMoveCategory, _xlfn.XLOOKUP(_xlpm.heldItem,Items[Item],Items[MoveCategoryAffected],"None"), _xlpm.itemCondition, _xlfn.XLOOKUP(_xlpm.heldItem,Items[Item],Items[Condition],"None"), _xlpm.moveType, AM10, _xlpm.moveCategory, AO10, _xlpm.effectiveness, AP10, IF(_xlpm.itemEffectType<>"DamageMultiplier", FALSE, IF(AND(_xlpm.itemMoveType<>"None", _xlpm.itemMoveType=_xlpm.moveType), TRUE, IF(AND(_xlpm.itemMoveCategory<>"None", _xlpm.itemMoveCategory=_xlpm.moveCategory), TRUE, IF(AND(_xlpm.itemCondition="SuperEffective", _xlpm.effectiveness>1), TRUE, FALSE)))) ) -> TRUE | FS10: =_xlfn.LET( _xlpm.score1, IF(U10="",0,U10), _xlpm.score2, IF(AC10="",0,AC10), _xlpm.score3, IF(AK10="",0,AK10), _xlpm.score4, IF(AS10="",0,AS10), _xlpm.maxScore, MAX(_xlpm.score1,_xlpm.score2,_xlpm.score3,_xlpm.score4), _xlpm.boosted1, FO10, _xlpm.boosted2, FP10, _xlpm.boosted3, FQ10, _xlpm.boosted4, FR10, IF(_xlpm.maxScore=0, FALSE, IF(_xlpm.score1=_xlpm.maxScore, _xlpm.boosted1, IF(_xlpm.score2=_xlpm.maxScore, _xlpm.boosted2, IF(_xlpm.score3=_xlpm.maxScore, _xlpm.boosted3, IF(_xlpm.score4=_xlpm.maxScore, _xlpm.boosted4, FALSE))))) ) -> TRUE | FT10: =_xlfn.LET( _xlpm.heldItem, _xlfn.XLOOKUP($A10,TeamData[Pokemon],TeamData[Held Item],""), _xlpm.itemEffectType, _xlfn.XLOOKUP(_xlpm.heldItem,Items[Item],Items[EffectType],"None"), _xlpm.itemAppliesTo, _xlfn.XLOOKUP(_xlpm.heldItem,Items[Item],Items[AppliesTo],"None"), AND(_xlpm.itemEffectType="StatMultiplier", _xlpm.itemAppliesTo="Defense") ) -> FALSE | FU10: =IFERROR(MAX(IF(U10="",0,U10),IF(AC10="",0,AC10),IF(AK10="",0,AK10),IF(AS10="",0,AS10)),"") -> 323.44374 | FV10: {=IF($A10="", "", _xlfn.LET( _xlpm.oppMatch, MATCH(1,(Opponent[Pokemon]=$B$4)*(Opponent[Battle]=$B$3),0), _xlpm.move1, INDEX(Opponent[Move1],_xlpm.oppMatch), _xlpm.move1Power, INDEX(Opponent[Move1Power],_xlpm.oppMatch), _xlpm.move1Type, INDEX(Opponent[Move1Type],_xlpm.oppMatch), _xlpm.move1Cat, INDEX(Opponent[Move1Category],_xlpm.oppMatch), _xlpm.move1DmgMethod, DP10, _xlpm.move2, INDEX(Opponent[Move2],_xlpm.oppMatch), _xlpm.move2Power, INDEX(Opponent[Move2Power],_xlpm.oppMatch), _xlpm.move2Type, INDEX(Opponent[Move2Type],_xlpm.oppMatch), _xlpm.move2Cat, INDEX(Opponent[Move2Category],_xlpm.oppMatch), _xlpm.move2DmgMethod, DQ10, _xlpm.move3, INDEX(Opponent[Move3],_xlpm.oppMatch), _xlpm.move3Power, INDEX(Opponent[Move3Power],_xlpm.oppMatch), _xlpm.move3Type, INDEX(Opponent[Move3Type],_xlpm.oppMatch), _xlpm.move3Cat, INDEX(Opponent[Move3Category],_xlpm.oppMatch), _xlpm.move3DmgMethod, DR10, _xlpm.move4, INDEX(Opponent[Move4],_xlpm.oppMatch), _xlpm.move4Power, INDEX(Opponent[Move4Power],_xlpm.oppMatch), _xlpm.move4Type, INDEX(Opponent[Move4Type],_xlpm.oppMatch), _xlpm.move4Cat, INDEX(Opponent[Move4Category],_xlpm.oppMatch), _xlpm.move4DmgMethod, DS10, _xlpm.teamType1, INDEX(TeamData[Type1],MATCH(A10,TeamData[Pokemon],0)), _xlpm.teamType2, INDEX(TeamData[Type2],MATCH(A10,TeamData[Pokemon],0)), _xlpm.teamDEF, INDEX(TeamData[EffectiveDEF],MATCH(A10,TeamData[Pokemon],0)), _xlpm.teamSPD, INDEX(TeamData[EffectiveSPD],MATCH(A10,TeamData[Pokemon],0)), _xlpm.teamATK, INDEX(TeamData[ATK],MATCH(A10,TeamData[Pokemon],0)), _xlpm.oppATK, $AU10, _xlpm.oppDEF, $AV10, _xlpm.oppSPA, $AW10, _xlpm.oppType1, $N$2, _xlpm.oppType2, $O$2, _xlpm.intimidateMod, IF($BB10="Intimidate",0.667,1), _xlpm.typeEff1, INDEX(TypeChart[],MATCH(_xlpm.move1Type,TypeChart[AttackType ↓ / DefendingType →],0),MATCH(_xlpm.teamType1,TypeChart[#Headers],0)) * IF(_xlpm.teamType2="",1,INDEX(TypeChart[],MATCH(_xlpm.move1Type,TypeChart[AttackType ↓ / DefendingType →],0),MATCH(_xlpm.teamType2,TypeChart[#Headers],0))), _xlpm.typeEff2, INDEX(TypeChart[],MATCH(_xlpm.move2Type,TypeChart[AttackType ↓ / DefendingType →],0),MATCH(_xlpm.teamType1,TypeChart[#Headers],0)) * IF(_xlpm.teamType2="",1,INDEX(TypeChart[],MATCH(_xlpm.move2Type,TypeChart[AttackType ↓ / DefendingType →],0),MATCH(_xlpm.teamType2,TypeChart[#Headers],0))), _xlpm.typeEff3, INDEX(TypeChart[],MATCH(_xlpm.move3Type,TypeChart[AttackType ↓ / DefendingType →],0),MATCH(_xlpm.teamType1,TypeChart[#Headers],0)) * IF(_xlpm.teamType2="",1,INDEX(TypeChart[],MATCH(_xlpm.move3Type,TypeChart[AttackType ↓ / DefendingType →],0),MATCH(_xlpm.teamType2,TypeChart[#Headers],0))), _xlpm.typeEff4, INDEX(TypeChart[],MATCH(_xlpm.move4Type,TypeChart[AttackType ↓ / DefendingType →],0),MATCH(_xlpm.teamType1,TypeChart[#Headers],0)) * IF(_xlpm.teamType2="",1,INDEX(TypeChart[],MATCH(_xlpm.move4Type,TypeChart[AttackType ↓ / DefendingType →],0),MATCH(_xlpm.teamType2,TypeChart[#Headers],0))), _xlpm.stab1, IF(OR(_xlpm.move1Type=_xlpm.oppType1,_xlpm.move1Type=_xlpm.oppType2),1.5,1), _xlpm.stab2, IF(OR(_xlpm.move2Type=_xlpm.oppType1,_xlpm.move2Type=_xlpm.oppType2),1.5,1), _xlpm.stab3, IF(OR(_xlpm.move3Type=_xlpm.oppType1,_xlpm.move3Type=_xlpm.oppType2),1.5,1), _xlpm.stab4, IF(OR(_xlpm.move4Type=_xlpm.oppType1,_xlpm.move4Type=_xlpm.oppType2),1.5,1), _xlpm.hits1, IFERROR(VLOOKUP(_xlpm.move1,MoveData[],6,FALSE),1), _xlpm.hits2, IFERROR(VLOOKUP(_xlpm.move2,MoveData[],6,FALSE),1), _xlpm.hits3, IFERROR(VLOOKUP(_xlpm.move3,MoveData[],6,FALSE),1), _xlpm.hits4, IFERROR(VLOOKUP(_xlpm.move4,MoveData[],6,FALSE),1), _xlpm.atkStat1, _xlfn.SWITCH(_xlpm.move1DmgMethod, "UseDEF", _xlpm.oppDEF, "TargetATK", _xlpm.teamATK, IF(_xlpm.move1Cat="Physical", _xlpm.oppATK*_xlpm.intimidateMod, IF(_xlpm.move1Cat="Special", _xlpm.oppSPA, 0))), _xlpm.defStat1, _xlfn.SWITCH(_xlpm.move1DmgMethod, "TargetDEFasSPD", _xlpm.teamDEF, IF(_xlpm.move1Cat="Physical", _xlpm.teamDEF, _xlpm.teamSPD)), _xlpm.atkStat2, _xlfn.SWITCH(_xlpm.move2DmgMethod, "UseDEF", _xlpm.oppDEF, "TargetATK", _xlpm.teamATK, IF(_xlpm.move2Cat="Physical", _xlpm.oppATK*_xlpm.intimidateMod, IF(_xlpm.move2Cat="Special", _xlpm.oppSPA, 0))), _xlpm.defStat2, _xlfn.SWITCH(_xlpm.move2DmgMethod, "TargetDEFasSPD", _xlpm.teamDEF, IF(_xlpm.move2Cat="Physical", _xlpm.teamDEF, _xlpm.teamSPD)), _xlpm.atkStat3, _xlfn.SWITCH(_xlpm.move3DmgMethod, "UseDEF", _xlpm.oppDEF, "TargetATK", _xlpm.teamATK, IF(_xlpm.move3Cat="Physical", _xlpm.oppATK*_xlpm.intimidateMod, IF(_xlpm.move3Cat="Special", _xlpm.oppSPA, 0))), _xlpm.defStat3, _xlfn.SWITCH(_xlpm.move3DmgMethod, "TargetDEFasSPD", _xlpm.teamDEF, IF(_xlpm.move3Cat="Physical", _xlpm.teamDEF, _xlpm.teamSPD)), _xlpm.atkStat4, _xlfn.SWITCH(_xlpm.move4DmgMethod, "UseDEF", _xlpm.oppDEF, "TargetATK", _xlpm.teamATK, IF(_xlpm.move4Cat="Physical", _xlpm.oppATK*_xlpm.intimidateMod, IF(_xlpm.move4Cat="Special", _xlpm.oppSPA, 0))), _xlpm.defStat4, _xlfn.SWITCH(_xlpm.move4DmgMethod, "TargetDEFasSPD", _xlpm.teamDEF, IF(_xlpm.move4Cat="Physical", _xlpm.teamDEF, _xlpm.teamSPD)), _xlpm.score1, IF(OR(_xlpm.move1Power="Varies", _xlpm.move1DmgMethod="Fixed", _xlpm.move1DmgMethod="OHKO"), 0, IFERROR(_xlpm.move1Power * _xlpm.hits1 * _xlpm.typeEff1 * _xlpm.stab1 * $BZ10 * _xlpm.atkStat1 / _xlpm.defStat1, 0)), _xlpm.score2, IF(OR(_xlpm.move2Power="Varies", _xlpm.move2DmgMethod="Fixed", _xlpm.move2DmgMethod="OHKO"), 0, IFERROR(_xlpm.move2Power * _xlpm.hits2 * _xlpm.typeEff2 * _xlpm.stab2 * $CA10 * _xlpm.atkStat2 / _xlpm.defStat2, 0)), _xlpm.score3, IF(OR(_xlpm.move3Power="Varies", _xlpm.move3DmgMethod="Fixed", _xlpm.move3DmgMethod="OHKO"), 0, IFERROR(_xlpm.move3Power * _xlpm.hits3 * _xlpm.typeEff3 * _xlpm.stab3 * $CB10 * _xlpm.atkStat3 / _xlpm.defStat3, 0)), _xlpm.score4, IF(OR(_xlpm.move4Power="Varies", _xlpm.move4DmgMethod="Fixed", _xlpm.move4DmgMethod="OHKO"), 0, IFERROR(_xlpm.move4Power * _xlpm.hits4 * _xlpm.typeEff4 * _xlpm.stab4 * $CC10 * _xlpm.atkStat4 / _xlpm.defStat4, 0)), MAX(_xlpm.score1*$EN10, _xlpm.score2*$EO10, _xlpm.score3*$EP10, _xlpm.score4*$EQ10) ))} -> 304.99234
